-- Attributes

-- Description
insert into SCARAB_ATTRIBUTE(ATTRIBUTE_ID, ATTRIBUTE_NAME, ATTRIBUTE_TYPE_ID, DESCRIPTION, CREATED_DATE)
        values(101, 'Description',12, 'Description', '2002-01-01 00:30:00');
-- Assigned to
insert into SCARAB_ATTRIBUTE(ATTRIBUTE_ID, ATTRIBUTE_NAME, 
       ATTRIBUTE_TYPE_ID, PERMISSION, ACTION, DESCRIPTION, CREATED_DATE)
       values(102, 'AssignedTo',8, 'Issue | Edit', 'to', 'AssignedTo', '2002-01-01 00:30:00');
-- Status
insert into SCARAB_ATTRIBUTE(ATTRIBUTE_ID, ATTRIBUTE_NAME, ATTRIBUTE_TYPE_ID, DESCRIPTION, CREATED_DATE)
        values(103, 'Status',5, 'Status', '2002-01-01 00:30:00');
-- Resolution
insert into SCARAB_ATTRIBUTE(ATTRIBUTE_ID, ATTRIBUTE_NAME, 
       ATTRIBUTE_TYPE_ID, DESCRIPTION, CREATED_DATE)
        values(104, 'Resolution',5, 'Resolution', '2002-01-01 00:30:00');
-- Platform
insert into SCARAB_ATTRIBUTE(ATTRIBUTE_ID, ATTRIBUTE_NAME, 
       ATTRIBUTE_TYPE_ID, DESCRIPTION, CREATED_DATE)
       values(105, 'Platform',5, 'Platform', '2002-01-01 00:30:00');
-- Operating system
insert into SCARAB_ATTRIBUTE(ATTRIBUTE_ID, ATTRIBUTE_NAME, ATTRIBUTE_TYPE_ID, DESCRIPTION, CREATED_DATE)
        values(106, 'OperatingSystem',5, 'OperatingSystem', '2002-01-01 00:30:00');
-- Priority select-one
insert into SCARAB_ATTRIBUTE(ATTRIBUTE_ID, ATTRIBUTE_NAME, ATTRIBUTE_TYPE_ID, DESCRIPTION, CREATED_DATE)
        values(107, 'Priority',5, 'Priority', '2002-01-01 00:30:00');
-- Priority voted
insert into SCARAB_ATTRIBUTE(ATTRIBUTE_ID, ATTRIBUTE_NAME, ATTRIBUTE_TYPE_ID, DESCRIPTION, CREATED_DATE)
        values(108, 'Vote',5, 'Vote', '2002-01-01 00:30:00');
-- Severity
insert into SCARAB_ATTRIBUTE(ATTRIBUTE_ID, ATTRIBUTE_NAME, ATTRIBUTE_TYPE_ID, DESCRIPTION, CREATED_DATE)
        values(109, 'Severity',5, 'Severity', '2002-01-01 00:30:00');

-- cc attribute
insert into SCARAB_ATTRIBUTE(ATTRIBUTE_ID, ATTRIBUTE_NAME, 
       ATTRIBUTE_TYPE_ID, PERMISSION, ACTION, DESCRIPTION, CREATED_DATE)
       values(113, 'AssignedCC',8, 'Issue | View', 'cc', 'CcAttribute', '2002-01-01 00:30:00');
-- Tracking 
-- removing until further discussion
-- insert into SCARAB_ATTRIBUTE(ATTRIBUTE_ID, ATTRIBUTE_NAME, ATTRIBUTE_TYPE_ID, DESCRIPTION, CREATED_DATE)
--         values(10, 'Tracking',10, 'Tracking', '2002-01-01 00:30:00')


-- Brief (one-line) Description
insert into SCARAB_ATTRIBUTE(ATTRIBUTE_ID, ATTRIBUTE_NAME, ATTRIBUTE_TYPE_ID, DESCRIPTION, CREATED_DATE)
        values(111, 'Summary',1, 'Summary', '2002-01-01 00:30:00');
-- Functional area
insert into SCARAB_ATTRIBUTE(ATTRIBUTE_ID, ATTRIBUTE_NAME, ATTRIBUTE_TYPE_ID, DESCRIPTION, CREATED_DATE)
        values(112, 'FunctionalArea',5, 'FunctionalArea', '2002-01-01 00:30:00');

update SCARAB_ATTRIBUTE set CREATED_BY=null;

-- Attribute Options


-- Unconfirmed
insert into SCARAB_ATTRIBUTE_OPTION(OPTION_ID, ATTRIBUTE_ID, OPTION_NAME)
        values(101,103, 'Unconfirmed');
-- New
insert into SCARAB_ATTRIBUTE_OPTION(OPTION_ID, ATTRIBUTE_ID, OPTION_NAME)
        values(102,103, 'New');
-- Assigned
insert into SCARAB_ATTRIBUTE_OPTION(OPTION_ID, ATTRIBUTE_ID, OPTION_NAME)
        values(103,103, 'Assigned');
-- Reopened
insert into SCARAB_ATTRIBUTE_OPTION(OPTION_ID, ATTRIBUTE_ID, OPTION_NAME)
        values(104,103, 'Reopened');
-- Resolved
insert into SCARAB_ATTRIBUTE_OPTION(OPTION_ID, ATTRIBUTE_ID, OPTION_NAME)
        values(105,103, 'Resolved');

-- We need to do this mapping here because there is an integrity constraint
-- on having the Resolved ATTRIBUTE_OPTION exist before we can set it

update SCARAB_ATTRIBUTE set REQUIRED_OPTION_ID=105 where ATTRIBUTE_ID=104;
        
-- Verified
insert into SCARAB_ATTRIBUTE_OPTION(OPTION_ID, ATTRIBUTE_ID, OPTION_NAME)
        values(106,103, 'Verified');
-- Closed
insert into SCARAB_ATTRIBUTE_OPTION(OPTION_ID, ATTRIBUTE_ID, OPTION_NAME)
        values(107,103, 'Closed');
-- Fixed
insert into SCARAB_ATTRIBUTE_OPTION(OPTION_ID, ATTRIBUTE_ID, OPTION_NAME)
        values(108,104, 'Fixed');
-- Invalid
insert into SCARAB_ATTRIBUTE_OPTION(OPTION_ID, ATTRIBUTE_ID, OPTION_NAME)
        values(109,104, 'Invalid');
-- WONTFIX
insert into SCARAB_ATTRIBUTE_OPTION(OPTION_ID, ATTRIBUTE_ID, OPTION_NAME)
        values(110,104, 'Wontfix');
-- LATER
insert into SCARAB_ATTRIBUTE_OPTION(OPTION_ID, ATTRIBUTE_ID, OPTION_NAME)
        values(111,104, 'Later');
-- REMIND
insert into SCARAB_ATTRIBUTE_OPTION(OPTION_ID, ATTRIBUTE_ID, OPTION_NAME)
        values(112,104, 'Remind');
-- DUPLICATE
insert into SCARAB_ATTRIBUTE_OPTION(OPTION_ID, ATTRIBUTE_ID, OPTION_NAME)
        values(113,104, 'Duplicate');
-- WORKSFORME
insert into SCARAB_ATTRIBUTE_OPTION(OPTION_ID, ATTRIBUTE_ID, OPTION_NAME)
        values(114,104, 'Worksforme');
-- MOVED
insert into SCARAB_ATTRIBUTE_OPTION(OPTION_ID, ATTRIBUTE_ID, OPTION_NAME)
        values(115,104, 'Moved');
-- All
insert into SCARAB_ATTRIBUTE_OPTION(OPTION_ID, ATTRIBUTE_ID, OPTION_NAME)
        values(116,105, 'All');
-- DEC
insert into SCARAB_ATTRIBUTE_OPTION(OPTION_ID, ATTRIBUTE_ID, OPTION_NAME)
        values(117,105, 'DEC');
-- HP
insert into SCARAB_ATTRIBUTE_OPTION(OPTION_ID, ATTRIBUTE_ID, OPTION_NAME)
        values(118,105, 'HP');
-- Macintosh
insert into SCARAB_ATTRIBUTE_OPTION(OPTION_ID, ATTRIBUTE_ID, OPTION_NAME)
        values(119,105, 'Macintosh');
-- PC
insert into SCARAB_ATTRIBUTE_OPTION(OPTION_ID, ATTRIBUTE_ID, OPTION_NAME)
        values(120,105, 'PC');
-- SGI
insert into SCARAB_ATTRIBUTE_OPTION(OPTION_ID, ATTRIBUTE_ID, OPTION_NAME)
        values(121,105, 'SGI');
-- Sun
insert into SCARAB_ATTRIBUTE_OPTION(OPTION_ID, ATTRIBUTE_ID, OPTION_NAME)
        values(122,105, 'Sun');
-- Other
insert into SCARAB_ATTRIBUTE_OPTION(OPTION_ID, ATTRIBUTE_ID, OPTION_NAME)
        values(123,105, 'Other');
-- Operating systems
insert into SCARAB_ATTRIBUTE_OPTION(OPTION_ID, ATTRIBUTE_ID, OPTION_NAME)
        values(124,106, 'All');
insert into SCARAB_ATTRIBUTE_OPTION(OPTION_ID, ATTRIBUTE_ID, OPTION_NAME) 
        values(175,106, 'Windows');
insert into SCARAB_ATTRIBUTE_OPTION(OPTION_ID, ATTRIBUTE_ID, OPTION_NAME) 
        values(125,106, 'Windows3.1');
insert into SCARAB_ATTRIBUTE_OPTION(OPTION_ID, ATTRIBUTE_ID, OPTION_NAME) 
        values(126,106, 'Windows95');
insert into SCARAB_ATTRIBUTE_OPTION(OPTION_ID, ATTRIBUTE_ID, OPTION_NAME) 
        values(127,106, 'Windows98');
insert into SCARAB_ATTRIBUTE_OPTION(OPTION_ID, ATTRIBUTE_ID, OPTION_NAME) 
        values(128,106, 'WindowsME');
insert into SCARAB_ATTRIBUTE_OPTION(OPTION_ID, ATTRIBUTE_ID, OPTION_NAME) 
        values(129,106, 'Windows2000');
insert into SCARAB_ATTRIBUTE_OPTION(OPTION_ID, ATTRIBUTE_ID, OPTION_NAME) 
        values(130,106, 'WindowsNT');
insert into SCARAB_ATTRIBUTE_OPTION(OPTION_ID, ATTRIBUTE_ID, OPTION_NAME) 
        values(176,106, 'MacOS');
insert into SCARAB_ATTRIBUTE_OPTION(OPTION_ID, ATTRIBUTE_ID, OPTION_NAME) 
        values(131,106, 'MacSystem7');
insert into SCARAB_ATTRIBUTE_OPTION(OPTION_ID, ATTRIBUTE_ID, OPTION_NAME) 
        values(132,106, 'MacSystem7.5');
insert into SCARAB_ATTRIBUTE_OPTION(OPTION_ID, ATTRIBUTE_ID, OPTION_NAME) 
        values(133,106, 'MacSystem7.6.1');
insert into SCARAB_ATTRIBUTE_OPTION(OPTION_ID, ATTRIBUTE_ID, OPTION_NAME) 
        values(134,106, 'MacSystem8.0');
insert into SCARAB_ATTRIBUTE_OPTION(OPTION_ID, ATTRIBUTE_ID, OPTION_NAME) 
        values(135,106, 'MacSystem8.5');
insert into SCARAB_ATTRIBUTE_OPTION(OPTION_ID, ATTRIBUTE_ID, OPTION_NAME) 
        values(136,106, 'MacSystem8.6');
insert into SCARAB_ATTRIBUTE_OPTION(OPTION_ID, ATTRIBUTE_ID, OPTION_NAME) 
        values(137,106, 'MacSystem9.0');
insert into SCARAB_ATTRIBUTE_OPTION(OPTION_ID, ATTRIBUTE_ID, OPTION_NAME) 
        values(177,106, 'OSX');
insert into SCARAB_ATTRIBUTE_OPTION(OPTION_ID, ATTRIBUTE_ID, OPTION_NAME) 
        values(187,106, 'Unix');
insert into SCARAB_ATTRIBUTE_OPTION(OPTION_ID, ATTRIBUTE_ID, OPTION_NAME) 
        values(138,106, 'Linux');
insert into SCARAB_ATTRIBUTE_OPTION(OPTION_ID, ATTRIBUTE_ID, OPTION_NAME) 
        values(178,106, 'Redhat');
insert into SCARAB_ATTRIBUTE_OPTION(OPTION_ID, ATTRIBUTE_ID, OPTION_NAME) 
        values(179,106, 'Suse');
insert into SCARAB_ATTRIBUTE_OPTION(OPTION_ID, ATTRIBUTE_ID, OPTION_NAME) 
        values(180,106, 'Debian');
insert into SCARAB_ATTRIBUTE_OPTION(OPTION_ID, ATTRIBUTE_ID, OPTION_NAME) 
        values(181,106, 'OtherLinux');
insert into SCARAB_ATTRIBUTE_OPTION(OPTION_ID, ATTRIBUTE_ID, OPTION_NAME) 
        values(182,106, 'GeneralBSD');
insert into SCARAB_ATTRIBUTE_OPTION(OPTION_ID, ATTRIBUTE_ID, OPTION_NAME) 
        values(140,106, 'FreeBSD');
insert into SCARAB_ATTRIBUTE_OPTION(OPTION_ID, ATTRIBUTE_ID, OPTION_NAME) 
        values(141,106, 'NetBSD');
insert into SCARAB_ATTRIBUTE_OPTION(OPTION_ID, ATTRIBUTE_ID, OPTION_NAME) 
        values(142,106, 'OpenBSD');
insert into SCARAB_ATTRIBUTE_OPTION(OPTION_ID, ATTRIBUTE_ID, OPTION_NAME) 
        values(183,106, 'CommercialUnix');
insert into SCARAB_ATTRIBUTE_OPTION(OPTION_ID, ATTRIBUTE_ID, OPTION_NAME) 
        values(139,106, 'BSDI');
insert into SCARAB_ATTRIBUTE_OPTION(OPTION_ID, ATTRIBUTE_ID, OPTION_NAME) 
        values(143,106, 'AIX');
insert into SCARAB_ATTRIBUTE_OPTION(OPTION_ID, ATTRIBUTE_ID, OPTION_NAME) 
        values(144,106, 'BeOS');
insert into SCARAB_ATTRIBUTE_OPTION(OPTION_ID, ATTRIBUTE_ID, OPTION_NAME) 
        values(145,106, 'HPUX');
insert into SCARAB_ATTRIBUTE_OPTION(OPTION_ID, ATTRIBUTE_ID, OPTION_NAME) 
        values(146,106, 'IRIX');
insert into SCARAB_ATTRIBUTE_OPTION(OPTION_ID, ATTRIBUTE_ID, OPTION_NAME) 
        values(150,106, 'OSF1');
insert into SCARAB_ATTRIBUTE_OPTION(OPTION_ID, ATTRIBUTE_ID, OPTION_NAME) 
        values(151,106, 'Solaris');
insert into SCARAB_ATTRIBUTE_OPTION(OPTION_ID, ATTRIBUTE_ID, OPTION_NAME) 
        values(152,106, 'SunOS');
insert into SCARAB_ATTRIBUTE_OPTION(OPTION_ID, ATTRIBUTE_ID, OPTION_NAME) 
        values(153,106, 'Other');
insert into SCARAB_ATTRIBUTE_OPTION(OPTION_ID, ATTRIBUTE_ID, OPTION_NAME) 
        values(148,106, 'OpenVMS');
insert into SCARAB_ATTRIBUTE_OPTION(OPTION_ID, ATTRIBUTE_ID, OPTION_NAME) 
        values(149,106, 'OS2');
insert into SCARAB_ATTRIBUTE_OPTION(OPTION_ID, ATTRIBUTE_ID, OPTION_NAME) 
        values(184,106, 'RealtimeEmbedded');
insert into SCARAB_ATTRIBUTE_OPTION(OPTION_ID, ATTRIBUTE_ID, OPTION_NAME) 
        values(147,106, 'Neutrino');
insert into SCARAB_ATTRIBUTE_OPTION(OPTION_ID, ATTRIBUTE_ID, OPTION_NAME) 
        values(185,106, 'HandheldPDA');
insert into SCARAB_ATTRIBUTE_OPTION(OPTION_ID, ATTRIBUTE_ID, OPTION_NAME) 
        values(186,106, 'PalmOS');

-- Transitions
insert into SCARAB_TRANSITION(TRANSITION_ID, ROLE_ID, ATTRIBUTE_ID, FROM_OPTION_ID, TO_OPTION_ID)
        values (103, NULL,103,101, 102);
insert into SCARAB_TRANSITION(TRANSITION_ID, ROLE_ID, ATTRIBUTE_ID, FROM_OPTION_ID, TO_OPTION_ID)
        values (102, NULL,103,0, 101);
insert into SCARAB_TRANSITION(TRANSITION_ID, ROLE_ID, ATTRIBUTE_ID, FROM_OPTION_ID, TO_OPTION_ID)
        values (104, NULL,103,102, 103);                
insert into SCARAB_TRANSITION(TRANSITION_ID, ROLE_ID, ATTRIBUTE_ID, FROM_OPTION_ID, TO_OPTION_ID)
        values (105, NULL,103,103, 105);
insert into SCARAB_TRANSITION(TRANSITION_ID, ROLE_ID, ATTRIBUTE_ID, FROM_OPTION_ID, TO_OPTION_ID)
        values (106, NULL,103,105, 106);
insert into SCARAB_TRANSITION(TRANSITION_ID, ROLE_ID, ATTRIBUTE_ID, FROM_OPTION_ID, TO_OPTION_ID)
        values (107, NULL,103,106, 107);
insert into SCARAB_TRANSITION(TRANSITION_ID, ROLE_ID, ATTRIBUTE_ID, FROM_OPTION_ID, TO_OPTION_ID)
        values (108, NULL,103,107, 104);

-- Conditions
insert into SCARAB_CONDITION(CONDITION_ID, TRANSITION_ID, MODULE_ID, ISSUE_TYPE_ID, ATTRIBUTE_ID, OPTION_ID)
        values (101, NULL, NULL, NULL,104, 105);
insert into SCARAB_CONDITION(CONDITION_ID, TRANSITION_ID, MODULE_ID, ISSUE_TYPE_ID, ATTRIBUTE_ID, OPTION_ID)
        values (102, NULL, NULL, NULL,104, 106);
insert into SCARAB_CONDITION(CONDITION_ID, TRANSITION_ID, MODULE_ID, ISSUE_TYPE_ID, ATTRIBUTE_ID, OPTION_ID)
        values (103, NULL, NULL, NULL,104, 107); 
                
-- Priorities select-one
insert into SCARAB_ATTRIBUTE_OPTION(OPTION_ID, ATTRIBUTE_ID, OPTION_NAME)
        values(154,107, 'High');
insert into SCARAB_ATTRIBUTE_OPTION(OPTION_ID, ATTRIBUTE_ID, OPTION_NAME) 
        values(155,107, 'Medium');
insert into SCARAB_ATTRIBUTE_OPTION(OPTION_ID, ATTRIBUTE_ID, OPTION_NAME) 
        values(156,107, 'Low');
insert into SCARAB_ATTRIBUTE_OPTION(OPTION_ID, ATTRIBUTE_ID, OPTION_NAME) 
        values(157,107, 'Undecided');

-- Priorities voted
insert into SCARAB_ATTRIBUTE_OPTION(OPTION_ID, ATTRIBUTE_ID, OPTION_NAME)
        values(158,108, 'High');
insert into SCARAB_ATTRIBUTE_OPTION(OPTION_ID, ATTRIBUTE_ID, OPTION_NAME) 
        values(159,108, 'Medium');
insert into SCARAB_ATTRIBUTE_OPTION(OPTION_ID, ATTRIBUTE_ID, OPTION_NAME) 
        values(160,108, 'Low');
insert into SCARAB_ATTRIBUTE_OPTION(OPTION_ID, ATTRIBUTE_ID, OPTION_NAME) 
        values(161,108, 'Undecided');

-- Severities
insert into SCARAB_ATTRIBUTE_OPTION(OPTION_ID, ATTRIBUTE_ID, OPTION_NAME)
        values(162,109, 'Blocker');
insert into SCARAB_ATTRIBUTE_OPTION(OPTION_ID, ATTRIBUTE_ID, OPTION_NAME) 
        values(163,109, 'Critical');
insert into SCARAB_ATTRIBUTE_OPTION(OPTION_ID, ATTRIBUTE_ID, OPTION_NAME) 
        values(164,109, 'Major');
insert into SCARAB_ATTRIBUTE_OPTION(OPTION_ID, ATTRIBUTE_ID, OPTION_NAME) 
        values(165,109, 'Normal');
insert into SCARAB_ATTRIBUTE_OPTION(OPTION_ID, ATTRIBUTE_ID, OPTION_NAME) 
        values(166,109, 'Minor');
insert into SCARAB_ATTRIBUTE_OPTION(OPTION_ID, ATTRIBUTE_ID, OPTION_NAME) 
        values(167,109, 'Trivial');
insert into SCARAB_ATTRIBUTE_OPTION(OPTION_ID, ATTRIBUTE_ID, OPTION_NAME) 
        values(168,109, 'Enhancement');
insert into SCARAB_ATTRIBUTE_OPTION(OPTION_ID, ATTRIBUTE_ID, OPTION_NAME) 
        values(169,109, 'Cosmetic');
insert into SCARAB_ATTRIBUTE_OPTION(OPTION_ID, ATTRIBUTE_ID, OPTION_NAME) 
        values(170,109, 'Serious');
insert into SCARAB_ATTRIBUTE_OPTION(OPTION_ID, ATTRIBUTE_ID, OPTION_NAME) 
        values(171,109, 'Undecided');

-- Tracking options DISABLED

-- 
-- never send notification


-- insert into SCARAB_ATTRIBUTE_OPTION(OPTION_ID, ATTRIBUTE_ID, OPTION_NAME)
--       values(172,110, 'Never')


-- send notification on major change


-- insert into SCARAB_ATTRIBUTE_OPTION(OPTION_ID, ATTRIBUTE_ID, OPTION_NAME)
--       values(173,110, 'Major')


-- send notification on any change


-- insert into SCARAB_ATTRIBUTE_OPTION(OPTION_ID, ATTRIBUTE_ID, OPTION_NAME)
--       values(174,110, 'Any')

 
-- Functional area
insert into SCARAB_ATTRIBUTE_OPTION(OPTION_ID, ATTRIBUTE_ID, OPTION_NAME) 
        values(188,112, 'UserInterface');
insert into SCARAB_ATTRIBUTE_OPTION(OPTION_ID, ATTRIBUTE_ID, OPTION_NAME) 
        values(189,112, 'Setup');
insert into SCARAB_ATTRIBUTE_OPTION(OPTION_ID, ATTRIBUTE_ID, OPTION_NAME) 
        values(190,112, 'Help');

-- Option_Option relationships
-- option1_id, option2_id, relationship_id, preferred_order, weight

insert into SCARAB_R_OPTION_OPTION values (0,101,1,1,1);
insert into SCARAB_R_OPTION_OPTION values (0,102,1,2,2);
insert into SCARAB_R_OPTION_OPTION values (0,103,1,3,3);
insert into SCARAB_R_OPTION_OPTION values (0,104,1,4,4);
insert into SCARAB_R_OPTION_OPTION values (0,105,1,5,5);
insert into SCARAB_R_OPTION_OPTION values (0,106,1,6,6);
insert into SCARAB_R_OPTION_OPTION values (0,107,1,7,7);
insert into SCARAB_R_OPTION_OPTION values (0,108,1,1,1);
insert into SCARAB_R_OPTION_OPTION values (0,109,1,2,2);
insert into SCARAB_R_OPTION_OPTION values (0,110,1,3,3);
insert into SCARAB_R_OPTION_OPTION values (0,111,1,4,4);
insert into SCARAB_R_OPTION_OPTION values (0,112,1,5,5);
insert into SCARAB_R_OPTION_OPTION values (0,113,1,6,6);
insert into SCARAB_R_OPTION_OPTION values (0,114,1,7,7);
insert into SCARAB_R_OPTION_OPTION values (0,115,1,8,8);
insert into SCARAB_R_OPTION_OPTION values (0,116,1,1,1);
insert into SCARAB_R_OPTION_OPTION values (0,117,1,2,2);
insert into SCARAB_R_OPTION_OPTION values (0,118,1,3,3);
insert into SCARAB_R_OPTION_OPTION values (0,119,1,4,4);
insert into SCARAB_R_OPTION_OPTION values (0,120,1,5,5);
insert into SCARAB_R_OPTION_OPTION values (0,121,1,6,6);
insert into SCARAB_R_OPTION_OPTION values (0,122,1,7,7);
insert into SCARAB_R_OPTION_OPTION values (0,123,1,8,8);
insert into SCARAB_R_OPTION_OPTION values (0,154,1,1,1);
insert into SCARAB_R_OPTION_OPTION values (0,155,1,2,2);
insert into SCARAB_R_OPTION_OPTION values (0,156,1,3,3);
insert into SCARAB_R_OPTION_OPTION values (0,157,1,4,4);
insert into SCARAB_R_OPTION_OPTION values (0,158,1,1,1);
insert into SCARAB_R_OPTION_OPTION values (0,159,1,2,2);
insert into SCARAB_R_OPTION_OPTION values (0,160,1,3,3);
insert into SCARAB_R_OPTION_OPTION values (0,161,1,4,4);
insert into SCARAB_R_OPTION_OPTION values (0,162,1,1,1);
insert into SCARAB_R_OPTION_OPTION values (0,163,1,2,2);
insert into SCARAB_R_OPTION_OPTION values (0,164,1,3,3);
insert into SCARAB_R_OPTION_OPTION values (0,165,1,4,4);
insert into SCARAB_R_OPTION_OPTION values (0,166,1,5,5);
insert into SCARAB_R_OPTION_OPTION values (0,167,1,6,6);
insert into SCARAB_R_OPTION_OPTION values (0,168,1,7,7);
insert into SCARAB_R_OPTION_OPTION values (0,169,1,8,8);
insert into SCARAB_R_OPTION_OPTION values (0,170,1,9,9);
insert into SCARAB_R_OPTION_OPTION values (0,171,1,10,10);
-- TRACKING disabled 
-- insert into SCARAB_R_OPTION_OPTION values (0,172,1,1,1)
-- insert into SCARAB_R_OPTION_OPTION values (0,173,1,2,2)
-- insert into SCARAB_R_OPTION_OPTION values (0,174,1,3,3)

insert into SCARAB_R_OPTION_OPTION values (0,188,1,1,1);
insert into SCARAB_R_OPTION_OPTION values (0,189,1,2,2);
insert into SCARAB_R_OPTION_OPTION values (0,190,1,3,3);

insert into SCARAB_R_OPTION_OPTION values (0,124,1,1,1);
insert into SCARAB_R_OPTION_OPTION values (124,175,1,2,2);
insert into SCARAB_R_OPTION_OPTION values (175,125,1,3,3);
insert into SCARAB_R_OPTION_OPTION values (175,126,1,4,4);
insert into SCARAB_R_OPTION_OPTION values (175,127,1,5,5);
insert into SCARAB_R_OPTION_OPTION values (175,128,1,6,6);
insert into SCARAB_R_OPTION_OPTION values (175,129,1,7,7);
insert into SCARAB_R_OPTION_OPTION values (175,130,1,8,8);
insert into SCARAB_R_OPTION_OPTION values (124,176,1,9,9);
insert into SCARAB_R_OPTION_OPTION values (176,131,1,10,10);
insert into SCARAB_R_OPTION_OPTION values (176,132,1,11,11);
insert into SCARAB_R_OPTION_OPTION values (176,133,1,12,12);
insert into SCARAB_R_OPTION_OPTION values (176,134,1,13,13);
insert into SCARAB_R_OPTION_OPTION values (176,135,1,14,14);
insert into SCARAB_R_OPTION_OPTION values (176,136,1,15,15);
insert into SCARAB_R_OPTION_OPTION values (176,137,1,16,16);
insert into SCARAB_R_OPTION_OPTION values (176,177,1,17,17);
insert into SCARAB_R_OPTION_OPTION values (124,187,1,18,18);
insert into SCARAB_R_OPTION_OPTION values (187,182,1,19,19);
insert into SCARAB_R_OPTION_OPTION values (182,140,1,20,20);
insert into SCARAB_R_OPTION_OPTION values (182,141,1,21,21);
insert into SCARAB_R_OPTION_OPTION values (182,142,1,22,22);
insert into SCARAB_R_OPTION_OPTION values (187,138,1,23,23);
insert into SCARAB_R_OPTION_OPTION values (138,178,1,24,24);
insert into SCARAB_R_OPTION_OPTION values (138,179,1,25,25);
insert into SCARAB_R_OPTION_OPTION values (138,180,1,26,26);
insert into SCARAB_R_OPTION_OPTION values (138,181,1,27,27);
insert into SCARAB_R_OPTION_OPTION values (187,183,1,28,28);
insert into SCARAB_R_OPTION_OPTION values (183,139,1,29,29);
insert into SCARAB_R_OPTION_OPTION values (183,143,1,30,30);
insert into SCARAB_R_OPTION_OPTION values (183,144,1,31,31);
insert into SCARAB_R_OPTION_OPTION values (183,145,1,32,32);
insert into SCARAB_R_OPTION_OPTION values (183,146,1,33,33);
insert into SCARAB_R_OPTION_OPTION values (183,150,1,34,34);
insert into SCARAB_R_OPTION_OPTION values (183,151,1,35,35);
insert into SCARAB_R_OPTION_OPTION values (183,152,1,36,36);
insert into SCARAB_R_OPTION_OPTION values (124,153,1,37,37);
insert into SCARAB_R_OPTION_OPTION values (153,148,1,38,38);
insert into SCARAB_R_OPTION_OPTION values (153,149,1,39,39);
insert into SCARAB_R_OPTION_OPTION values (124,184,1,40,40);
insert into SCARAB_R_OPTION_OPTION values (184,147,1,41,41);
insert into SCARAB_R_OPTION_OPTION values (124,185,1,42,42);
insert into SCARAB_R_OPTION_OPTION values (185,186,1,43,43);


-- Types of issues (artifact/issue types).

insert into SCARAB_ISSUE_TYPE(ISSUE_TYPE_ID, NAME, DESCRIPTION, PARENT_ID, ISDEFAULT)
        values(101, 'Defect', 'DefectDescription',0, 1);
insert into SCARAB_ISSUE_TYPE(ISSUE_TYPE_ID, NAME, DESCRIPTION, PARENT_ID, ISDEFAULT)
        values(102, 'DefectTemplate', '',101,0);
insert into SCARAB_ISSUE_TYPE(ISSUE_TYPE_ID, NAME, DESCRIPTION, PARENT_ID, ISDEFAULT)
        values(103, 'Patch', 'PatchDescription',0, 1);
insert into SCARAB_ISSUE_TYPE(ISSUE_TYPE_ID, NAME, DESCRIPTION, PARENT_ID, ISDEFAULT)
        values(104, 'PatchTemplate', '',103, 0);
insert into SCARAB_ISSUE_TYPE(ISSUE_TYPE_ID, NAME, DESCRIPTION, PARENT_ID, ISDEFAULT)
        values(105, 'Task', 'TaskDescription',0, 1);
insert into SCARAB_ISSUE_TYPE(ISSUE_TYPE_ID, NAME, DESCRIPTION, PARENT_ID, ISDEFAULT)
        values(106, 'TaskTemplate', '',105, 0);
insert into SCARAB_ISSUE_TYPE(ISSUE_TYPE_ID, NAME, DESCRIPTION, PARENT_ID, ISDEFAULT)
        values(107, 'Feature', 'FeatureDescription',0, 1);
insert into SCARAB_ISSUE_TYPE(ISSUE_TYPE_ID, NAME, DESCRIPTION, PARENT_ID, ISDEFAULT)
        values(108, 'FeatureTemplate', '',107, 0);
insert into SCARAB_ISSUE_TYPE(ISSUE_TYPE_ID, NAME, DESCRIPTION, PARENT_ID, ISDEFAULT)
        values(109, 'Enhancement', 'EnhancementDescription',0, 1);
insert into SCARAB_ISSUE_TYPE(ISSUE_TYPE_ID, NAME, DESCRIPTION, PARENT_ID, ISDEFAULT)
        values(110, 'EnhancementTemplate', '',109, 0);

-- Insert attribute groups for project 0
-- group_id, name, description, module_id, issue_type_id, active, dedupe, preferred order,

INSERT INTO SCARAB_ATTRIBUTE_GROUP VALUES (101, 'AttributeGroupOne', 'dedupeAttributes', NULL,101,1,1,1,NULL);
INSERT INTO SCARAB_ATTRIBUTE_GROUP VALUES (102, 'AttributeGroupTwo', 'nonDedupeAttributes', NULL,101,1,0,3,NULL);

INSERT INTO SCARAB_ATTRIBUTE_GROUP VALUES (103, 'AttributeGroupOne', 'dedupeAttributes', NULL,103,1,1,1,NULL);
INSERT INTO SCARAB_ATTRIBUTE_GROUP VALUES (104, 'AttributeGroupTwo', 'nonDedupeAttributes', NULL,103,1,0,3,NULL);

INSERT INTO SCARAB_ATTRIBUTE_GROUP VALUES (105, 'AttributeGroupOne', 'dedupeAttributes', NULL,105,1,1,1,NULL);
INSERT INTO SCARAB_ATTRIBUTE_GROUP VALUES (106, 'AttributeGroupTwo', 'nonDedupeAttributes', NULL,105,1,0,3,NULL);

INSERT INTO SCARAB_ATTRIBUTE_GROUP VALUES (107, 'AttributeGroupOne', 'dedupeAttributes', NULL,107,1,1,1,NULL);
INSERT INTO SCARAB_ATTRIBUTE_GROUP VALUES (108, 'AttributeGroupTwo', 'nonDedupeAttributes',  NULL,107,1,0,3,NULL);

INSERT INTO SCARAB_ATTRIBUTE_GROUP VALUES (109, 'AttributeGroupOne', 'dedupeAttributes', NULL,109,1,1,1,NULL);
INSERT INTO SCARAB_ATTRIBUTE_GROUP VALUES (110, 'AttributeGroupTwo', 'nonDedupeAttributes', NULL,109,1,0,3,NULL);
 
-- Insert mapping between attributes and groups 
-- group_id, attribute_id, preferred order

INSERT INTO SCARAB_R_ATTRIBUTE_ATTRGROUP VALUES (101,105, 1);
INSERT INTO SCARAB_R_ATTRIBUTE_ATTRGROUP VALUES (101,106, 2);
INSERT INTO SCARAB_R_ATTRIBUTE_ATTRGROUP VALUES (101,111, 3);
INSERT INTO SCARAB_R_ATTRIBUTE_ATTRGROUP VALUES (102,101, 1);
INSERT INTO SCARAB_R_ATTRIBUTE_ATTRGROUP VALUES (102,103, 2);
INSERT INTO SCARAB_R_ATTRIBUTE_ATTRGROUP VALUES (102,104, 3);
INSERT INTO SCARAB_R_ATTRIBUTE_ATTRGROUP VALUES (102,107, 4);
INSERT INTO SCARAB_R_ATTRIBUTE_ATTRGROUP VALUES (102,108, 5);
INSERT INTO SCARAB_R_ATTRIBUTE_ATTRGROUP VALUES (102,109, 6);
-- Tracking DISABLED
-- INSERT INTO SCARAB_R_ATTRIBUTE_ATTRGROUP VALUES (102,110, 8)

INSERT INTO SCARAB_R_ATTRIBUTE_ATTRGROUP VALUES (102,112, 7);

INSERT INTO SCARAB_R_ATTRIBUTE_ATTRGROUP VALUES (103,105, 1);
INSERT INTO SCARAB_R_ATTRIBUTE_ATTRGROUP VALUES (103,106, 2);
INSERT INTO SCARAB_R_ATTRIBUTE_ATTRGROUP VALUES (103,111, 3);
INSERT INTO SCARAB_R_ATTRIBUTE_ATTRGROUP VALUES (104,101, 1);
INSERT INTO SCARAB_R_ATTRIBUTE_ATTRGROUP VALUES (104,103, 2);
INSERT INTO SCARAB_R_ATTRIBUTE_ATTRGROUP VALUES (104,104, 3);
INSERT INTO SCARAB_R_ATTRIBUTE_ATTRGROUP VALUES (104,107, 4);
INSERT INTO SCARAB_R_ATTRIBUTE_ATTRGROUP VALUES (104,108, 5);
INSERT INTO SCARAB_R_ATTRIBUTE_ATTRGROUP VALUES (104,112, 6);

INSERT INTO SCARAB_R_ATTRIBUTE_ATTRGROUP VALUES (105,111, 1);
INSERT INTO SCARAB_R_ATTRIBUTE_ATTRGROUP VALUES (106,101, 1);
INSERT INTO SCARAB_R_ATTRIBUTE_ATTRGROUP VALUES (106,103, 2);
INSERT INTO SCARAB_R_ATTRIBUTE_ATTRGROUP VALUES (106,104, 3);
INSERT INTO SCARAB_R_ATTRIBUTE_ATTRGROUP VALUES (106,107, 4);
INSERT INTO SCARAB_R_ATTRIBUTE_ATTRGROUP VALUES (106,108, 5);
INSERT INTO SCARAB_R_ATTRIBUTE_ATTRGROUP VALUES (106,112, 6);

INSERT INTO SCARAB_R_ATTRIBUTE_ATTRGROUP VALUES (107,111, 1);
INSERT INTO SCARAB_R_ATTRIBUTE_ATTRGROUP VALUES (108,101, 1);
INSERT INTO SCARAB_R_ATTRIBUTE_ATTRGROUP VALUES (108,102, 2);
INSERT INTO SCARAB_R_ATTRIBUTE_ATTRGROUP VALUES (108,103, 3);
INSERT INTO SCARAB_R_ATTRIBUTE_ATTRGROUP VALUES (108,104, 4);
INSERT INTO SCARAB_R_ATTRIBUTE_ATTRGROUP VALUES (108,107, 5);
INSERT INTO SCARAB_R_ATTRIBUTE_ATTRGROUP VALUES (108,108, 6);
INSERT INTO SCARAB_R_ATTRIBUTE_ATTRGROUP VALUES (108,112, 7);

INSERT INTO SCARAB_R_ATTRIBUTE_ATTRGROUP VALUES (109,111, 1);
INSERT INTO SCARAB_R_ATTRIBUTE_ATTRGROUP VALUES (110,101, 1);
INSERT INTO SCARAB_R_ATTRIBUTE_ATTRGROUP VALUES (110,103, 2);
INSERT INTO SCARAB_R_ATTRIBUTE_ATTRGROUP VALUES (110,104, 3);
INSERT INTO SCARAB_R_ATTRIBUTE_ATTRGROUP VALUES (110,107, 4);
INSERT INTO SCARAB_R_ATTRIBUTE_ATTRGROUP VALUES (110,108, 5);
INSERT INTO SCARAB_R_ATTRIBUTE_ATTRGROUP VALUES (110,112, 6);

-- populate the root module with all issue types.
-- module_id, issue_type_id, active, show in nav, preferred order

INSERT INTO SCARAB_R_MODULE_ISSUE_TYPE (MODULE_ID, ISSUE_TYPE_ID, ACTIVE, DISPLAY, PREFERRED_ORDER) VALUES (0,101,1,1,1);
INSERT INTO SCARAB_R_MODULE_ISSUE_TYPE (MODULE_ID, ISSUE_TYPE_ID, ACTIVE, DISPLAY, PREFERRED_ORDER) VALUES (0,103,1,1,2);
INSERT INTO SCARAB_R_MODULE_ISSUE_TYPE (MODULE_ID, ISSUE_TYPE_ID, ACTIVE, DISPLAY, PREFERRED_ORDER) VALUES (0,105,1,1,3);
INSERT INTO SCARAB_R_MODULE_ISSUE_TYPE (MODULE_ID, ISSUE_TYPE_ID, ACTIVE, DISPLAY, PREFERRED_ORDER) VALUES (0,107,1,1,4);
INSERT INTO SCARAB_R_MODULE_ISSUE_TYPE (MODULE_ID, ISSUE_TYPE_ID, ACTIVE, DISPLAY, PREFERRED_ORDER) VALUES (0,109,1,1,5);

-- populate the root module with all attributes.
-- module_id, attr_id, issue_type_id, display_value, active, required, preferred order, quick search,default_text_flag

INSERT INTO SCARAB_R_MODULE_ATTRIBUTE VALUES (0,101,101,'Description',1,1,1,100,0,0);
INSERT INTO SCARAB_R_MODULE_ATTRIBUTE VALUES (0,102,101,'AssignedTo',1,0,1,200,0,0);
INSERT INTO SCARAB_R_MODULE_ATTRIBUTE VALUES (0,103,101,'Status',1,0,1,300,0,0);
INSERT INTO SCARAB_R_MODULE_ATTRIBUTE VALUES (0,104,101,'Resolution',1,0,1,400,0,0);
INSERT INTO SCARAB_R_MODULE_ATTRIBUTE VALUES (0,105,101,'Platform',1,1,1,2,0,0);
INSERT INTO SCARAB_R_MODULE_ATTRIBUTE VALUES (0,106,101,'OperatingSystem',1,1,1,3,0,0);
INSERT INTO SCARAB_R_MODULE_ATTRIBUTE VALUES (0,107,101,'Priority',1,0,1,500,0,0);
INSERT INTO SCARAB_R_MODULE_ATTRIBUTE VALUES (0,108,101,'Vote',1,0,1,600,0,0);
INSERT INTO SCARAB_R_MODULE_ATTRIBUTE VALUES (0,109,101,'Severity',1,0,1,700,0,0);
INSERT INTO SCARAB_R_MODULE_ATTRIBUTE VALUES (0,111,101,'Summary',1,1,1,1,1,0);
INSERT INTO SCARAB_R_MODULE_ATTRIBUTE VALUES (0,112,101,'FunctionalArea',1,0,1,1000,0,0);
INSERT INTO SCARAB_R_MODULE_ATTRIBUTE VALUES (0,101,102,'Description',1,1,1,100,0,0);
INSERT INTO SCARAB_R_MODULE_ATTRIBUTE VALUES (0,102,102,'AssignedTo',1,0,1,200,0,0);
INSERT INTO SCARAB_R_MODULE_ATTRIBUTE VALUES (0,103,102,'Status',1,0,1,300,0,0);
INSERT INTO SCARAB_R_MODULE_ATTRIBUTE VALUES (0,104,102,'Resolution',1,0,1,400,0,0);
INSERT INTO SCARAB_R_MODULE_ATTRIBUTE VALUES (0,105,102,'Platform',1,1,1,2,0,0);
INSERT INTO SCARAB_R_MODULE_ATTRIBUTE VALUES (0,106,102,'OperatingSystem',1,1,1,3,0,0);
INSERT INTO SCARAB_R_MODULE_ATTRIBUTE VALUES (0,107,102,'Priority',1,0,1,500,0,0);
INSERT INTO SCARAB_R_MODULE_ATTRIBUTE VALUES (0,108,102,'Vote',1,0,1,600,0,0);
INSERT INTO SCARAB_R_MODULE_ATTRIBUTE VALUES (0,109,102,'Severity',1,0,1,700,0,0);
INSERT INTO SCARAB_R_MODULE_ATTRIBUTE VALUES (0,111,102,'Summary',1,1,1,1,1,0);
INSERT INTO SCARAB_R_MODULE_ATTRIBUTE VALUES (0,112,102,'FunctionalArea',1,0,1,1000,0,0);
INSERT INTO SCARAB_R_MODULE_ATTRIBUTE VALUES (0,101,103,'Description',1,1,1,100,0,0);
INSERT INTO SCARAB_R_MODULE_ATTRIBUTE VALUES (0,102,103,'AssignedTo',1,0,1,200,0,0);
INSERT INTO SCARAB_R_MODULE_ATTRIBUTE VALUES (0,103,103,'Status',1,0,1,300,0,0);
INSERT INTO SCARAB_R_MODULE_ATTRIBUTE VALUES (0,104,103,'Resolution',1,0,1,400,0,0);
INSERT INTO SCARAB_R_MODULE_ATTRIBUTE VALUES (0,105,103,'Platform',1,1,1,2,0,0);
INSERT INTO SCARAB_R_MODULE_ATTRIBUTE VALUES (0,106,103,'OperatingSystem',1,1,1,3,0,0);
INSERT INTO SCARAB_R_MODULE_ATTRIBUTE VALUES (0,107,103,'Priority',1,0,1,500,0,0);
INSERT INTO SCARAB_R_MODULE_ATTRIBUTE VALUES (0,108,103,'Vote',1,0,1,600,0,0);
INSERT INTO SCARAB_R_MODULE_ATTRIBUTE VALUES (0,111,103,'Summary',1,1,1,1,1,0);
INSERT INTO SCARAB_R_MODULE_ATTRIBUTE VALUES (0,112,103,'FunctionalArea',1,0,1,1000,0,0);
INSERT INTO SCARAB_R_MODULE_ATTRIBUTE VALUES (0,101,104,'Description',1,1,1,100,0,0);
INSERT INTO SCARAB_R_MODULE_ATTRIBUTE VALUES (0,102,104,'AssignedTo',1,0,1,200,0,0);
INSERT INTO SCARAB_R_MODULE_ATTRIBUTE VALUES (0,103,104,'Status',1,0,1,300,0,0);
INSERT INTO SCARAB_R_MODULE_ATTRIBUTE VALUES (0,104,104,'Resolution',1,0,1,400,0,0);
INSERT INTO SCARAB_R_MODULE_ATTRIBUTE VALUES (0,105,104,'Platform',1,1,1,2,0,0);
INSERT INTO SCARAB_R_MODULE_ATTRIBUTE VALUES (0,106,104,'OperatingSystem',1,1,1,3,0,0);
INSERT INTO SCARAB_R_MODULE_ATTRIBUTE VALUES (0,107,104,'Priority',1,0,1,500,0,0);
INSERT INTO SCARAB_R_MODULE_ATTRIBUTE VALUES (0,108,104,'Vote',1,0,1,600,0,0);
INSERT INTO SCARAB_R_MODULE_ATTRIBUTE VALUES (0,111,104,'Summary',1,1,1,1,1,1);
INSERT INTO SCARAB_R_MODULE_ATTRIBUTE VALUES (0,112,104,'FunctionalArea',1,0,1,1000,0,0);
INSERT INTO SCARAB_R_MODULE_ATTRIBUTE VALUES (0,101,105,'Description',1,1,1,100,0,0);
INSERT INTO SCARAB_R_MODULE_ATTRIBUTE VALUES (0,102,105,'AssignedTo',1,0,1,200,0,0);
INSERT INTO SCARAB_R_MODULE_ATTRIBUTE VALUES (0,103,105,'Status',1,0,1,300,0,0);
INSERT INTO SCARAB_R_MODULE_ATTRIBUTE VALUES (0,104,105,'Resolution',1,0,1,400,0,0);
INSERT INTO SCARAB_R_MODULE_ATTRIBUTE VALUES (0,107,105,'Priority',1,0,1,500,0,0);
INSERT INTO SCARAB_R_MODULE_ATTRIBUTE VALUES (0,108,105,'Vote',1,0,1,600,0,0);
INSERT INTO SCARAB_R_MODULE_ATTRIBUTE VALUES (0,111,105,'Summary',1,1,1,1,1,1);
INSERT INTO SCARAB_R_MODULE_ATTRIBUTE VALUES (0,112,105,'FunctionalArea',1,0,1,1000,0,0);
INSERT INTO SCARAB_R_MODULE_ATTRIBUTE VALUES (0,101,106,'Description',1,1,1,100,0,0);
INSERT INTO SCARAB_R_MODULE_ATTRIBUTE VALUES (0,102,106,'AssignedTo',1,0,1,200,0,0);
INSERT INTO SCARAB_R_MODULE_ATTRIBUTE VALUES (0,103,106,'Status',1,0,1,300,0,0);
INSERT INTO SCARAB_R_MODULE_ATTRIBUTE VALUES (0,104,106,'Resolution',1,0,1,400,0,0);
INSERT INTO SCARAB_R_MODULE_ATTRIBUTE VALUES (0,107,106,'Priority',1,0,1,500,0,0);
INSERT INTO SCARAB_R_MODULE_ATTRIBUTE VALUES (0,108,106,'Vote',1,0,1,600,0,0);
INSERT INTO SCARAB_R_MODULE_ATTRIBUTE VALUES (0,111,106,'Summary',1,1,1,1,1,1);
INSERT INTO SCARAB_R_MODULE_ATTRIBUTE VALUES (0,112,106,'FunctionalArea',1,0,1,1000,0,0);
INSERT INTO SCARAB_R_MODULE_ATTRIBUTE VALUES (0,101,107,'Description',1,1,1,100,0,0);
INSERT INTO SCARAB_R_MODULE_ATTRIBUTE VALUES (0,102,107,'AssignedTo',1,0,1,200,0,0);
INSERT INTO SCARAB_R_MODULE_ATTRIBUTE VALUES (0,103,107,'Status',1,0,1,300,0,0);
INSERT INTO SCARAB_R_MODULE_ATTRIBUTE VALUES (0,104,107,'Resolution',1,0,1,400,0,0);
INSERT INTO SCARAB_R_MODULE_ATTRIBUTE VALUES (0,107,107,'Priority',1,0,1,500,0,0);
INSERT INTO SCARAB_R_MODULE_ATTRIBUTE VALUES (0,108,107,'Vote',1,0,1,600,0,0);
INSERT INTO SCARAB_R_MODULE_ATTRIBUTE VALUES (0,111,107,'Summary',1,1,1,1,1,1);
INSERT INTO SCARAB_R_MODULE_ATTRIBUTE VALUES (0,112,107,'FunctionalArea',1,0,1,1000,0,0);
INSERT INTO SCARAB_R_MODULE_ATTRIBUTE VALUES (0,101,108,'Description',1,1,1,100,0,0);
INSERT INTO SCARAB_R_MODULE_ATTRIBUTE VALUES (0,102,108,'AssignedTo',1,0,1,200,0,0);
INSERT INTO SCARAB_R_MODULE_ATTRIBUTE VALUES (0,103,108,'Status',1,0,1,300,0,0);
INSERT INTO SCARAB_R_MODULE_ATTRIBUTE VALUES (0,104,108,'Resolution',1,0,1,400,0,0);
INSERT INTO SCARAB_R_MODULE_ATTRIBUTE VALUES (0,107,108,'Priority',1,0,1,500,0,0);
INSERT INTO SCARAB_R_MODULE_ATTRIBUTE VALUES (0,108,108,'Vote',1,0,1,600,0,0);
INSERT INTO SCARAB_R_MODULE_ATTRIBUTE VALUES (0,111,108,'Summary',1,1,1,1,1,1);
INSERT INTO SCARAB_R_MODULE_ATTRIBUTE VALUES (0,112,108,'FunctionalArea',1,0,1,1000,0,0);
INSERT INTO SCARAB_R_MODULE_ATTRIBUTE VALUES (0,101,109,'Description',1,1,1,100,0,0);
INSERT INTO SCARAB_R_MODULE_ATTRIBUTE VALUES (0,102,109,'AssignedTo',1,0,1,200,0,0);
INSERT INTO SCARAB_R_MODULE_ATTRIBUTE VALUES (0,103,109,'Status',1,0,1,300,0,0);
INSERT INTO SCARAB_R_MODULE_ATTRIBUTE VALUES (0,104,109,'Resolution',1,0,1,400,0,0);
INSERT INTO SCARAB_R_MODULE_ATTRIBUTE VALUES (0,107,109,'Priority',1,0,1,500,0,0);
INSERT INTO SCARAB_R_MODULE_ATTRIBUTE VALUES (0,108,109,'Vote',1,0,1,600,0,0);
INSERT INTO SCARAB_R_MODULE_ATTRIBUTE VALUES (0,111,109,'Summary',1,1,1,1,1,1);
INSERT INTO SCARAB_R_MODULE_ATTRIBUTE VALUES (0,112,109,'FunctionalArea',1,0,1,1000,0,0);
INSERT INTO SCARAB_R_MODULE_ATTRIBUTE VALUES (0,101,110,'Description',1,1,1,100,0,0);
INSERT INTO SCARAB_R_MODULE_ATTRIBUTE VALUES (0,102,110,'AssignedTo',1,0,1,200,0,0);
INSERT INTO SCARAB_R_MODULE_ATTRIBUTE VALUES (0,103,110,'Status',1,0,1,300,0,0);
INSERT INTO SCARAB_R_MODULE_ATTRIBUTE VALUES (0,104,110,'Resolution',1,0,1,400,0,0);
INSERT INTO SCARAB_R_MODULE_ATTRIBUTE VALUES (0,107,110,'Priority',1,0,1,500,0,0);
INSERT INTO SCARAB_R_MODULE_ATTRIBUTE VALUES (0,108,110,'Vote',1,0,1,600,0,0);
INSERT INTO SCARAB_R_MODULE_ATTRIBUTE VALUES (0,111,110,'Summary',1,1,1,1,1,1);
INSERT INTO SCARAB_R_MODULE_ATTRIBUTE VALUES (0,112,110,'FunctionalArea',1,0,1,1000,0,0);

-- populate the root module with all options.
-- module_id, issue_type_id, option_id, display_value, active, preferred order

INSERT INTO SCARAB_R_MODULE_OPTION VALUES (0,101,116,NULL,1,1,1);
INSERT INTO SCARAB_R_MODULE_OPTION VALUES (0,102,116,NULL,1,1,1);
INSERT INTO SCARAB_R_MODULE_OPTION VALUES (0,101,117,NULL,1,2,2);
INSERT INTO SCARAB_R_MODULE_OPTION VALUES (0,102,117,NULL,1,2,2);
INSERT INTO SCARAB_R_MODULE_OPTION VALUES (0,101,118,NULL,1,3,3);
INSERT INTO SCARAB_R_MODULE_OPTION VALUES (0,102,118,NULL,1,3,3);
INSERT INTO SCARAB_R_MODULE_OPTION VALUES (0,101,119,NULL,1,4,4);
INSERT INTO SCARAB_R_MODULE_OPTION VALUES (0,102,119,NULL,1,4,4);
INSERT INTO SCARAB_R_MODULE_OPTION VALUES (0,101,120,NULL,1,5,5);
INSERT INTO SCARAB_R_MODULE_OPTION VALUES (0,102,120,NULL,1,5,5);
INSERT INTO SCARAB_R_MODULE_OPTION VALUES (0,101,121,NULL,1,6,6);
INSERT INTO SCARAB_R_MODULE_OPTION VALUES (0,102,121,NULL,1,6,6);
INSERT INTO SCARAB_R_MODULE_OPTION VALUES (0,101,122,NULL,1,7,7);
INSERT INTO SCARAB_R_MODULE_OPTION VALUES (0,102,122,NULL,1,7,7);
INSERT INTO SCARAB_R_MODULE_OPTION VALUES (0,101,123,NULL,1,8,8);
INSERT INTO SCARAB_R_MODULE_OPTION VALUES (0,102,123,NULL,1,8,8);
INSERT INTO SCARAB_R_MODULE_OPTION VALUES (0,101,124,NULL,1,1,1);
INSERT INTO SCARAB_R_MODULE_OPTION VALUES (0,102,124,NULL,1,1,1);
INSERT INTO SCARAB_R_MODULE_OPTION VALUES (0,101,125,NULL,1,3,3);
INSERT INTO SCARAB_R_MODULE_OPTION VALUES (0,102,125,NULL,1,3,3);
INSERT INTO SCARAB_R_MODULE_OPTION VALUES (0,101,126,NULL,1,4,4);
INSERT INTO SCARAB_R_MODULE_OPTION VALUES (0,102,126,NULL,1,4,4);
INSERT INTO SCARAB_R_MODULE_OPTION VALUES (0,101,127,NULL,1,5,5);
INSERT INTO SCARAB_R_MODULE_OPTION VALUES (0,102,127,NULL,1,5,5);
INSERT INTO SCARAB_R_MODULE_OPTION VALUES (0,101,128,NULL,1,6,6);
INSERT INTO SCARAB_R_MODULE_OPTION VALUES (0,102,128,NULL,1,6,6);
INSERT INTO SCARAB_R_MODULE_OPTION VALUES (0,101,129,NULL,1,7,7);
INSERT INTO SCARAB_R_MODULE_OPTION VALUES (0,102,129,NULL,1,7,7);
INSERT INTO SCARAB_R_MODULE_OPTION VALUES (0,101,130,NULL,1,8,8);
INSERT INTO SCARAB_R_MODULE_OPTION VALUES (0,102,130,NULL,1,8,8);
INSERT INTO SCARAB_R_MODULE_OPTION VALUES (0,101,131,NULL,1,10,10);
INSERT INTO SCARAB_R_MODULE_OPTION VALUES (0,102,131,NULL,1,10,10);
INSERT INTO SCARAB_R_MODULE_OPTION VALUES (0,101,132,NULL,1,11,11);
INSERT INTO SCARAB_R_MODULE_OPTION VALUES (0,102,132,NULL,1,11,11);
INSERT INTO SCARAB_R_MODULE_OPTION VALUES (0,101,133,NULL,1,12,12);
INSERT INTO SCARAB_R_MODULE_OPTION VALUES (0,102,133,NULL,1,12,12);
INSERT INTO SCARAB_R_MODULE_OPTION VALUES (0,101,134,NULL,1,13,13);
INSERT INTO SCARAB_R_MODULE_OPTION VALUES (0,102,134,NULL,1,13,13);
INSERT INTO SCARAB_R_MODULE_OPTION VALUES (0,101,135,NULL,1,14,14);
INSERT INTO SCARAB_R_MODULE_OPTION VALUES (0,102,135,NULL,1,14,14);
INSERT INTO SCARAB_R_MODULE_OPTION VALUES (0,101,136,NULL,1,15,15);
INSERT INTO SCARAB_R_MODULE_OPTION VALUES (0,102,136,NULL,1,15,15);
INSERT INTO SCARAB_R_MODULE_OPTION VALUES (0,101,137,NULL,1,16,16);
INSERT INTO SCARAB_R_MODULE_OPTION VALUES (0,102,137,NULL,1,16,16);
INSERT INTO SCARAB_R_MODULE_OPTION VALUES (0,101,138,NULL,1,18,18);
INSERT INTO SCARAB_R_MODULE_OPTION VALUES (0,102,138,NULL,1,18,18);
INSERT INTO SCARAB_R_MODULE_OPTION VALUES (0,101,139,NULL,1,28,28);
INSERT INTO SCARAB_R_MODULE_OPTION VALUES (0,102,139,NULL,1,28,28);
INSERT INTO SCARAB_R_MODULE_OPTION VALUES (0,101,140,NULL,1,24,24);
INSERT INTO SCARAB_R_MODULE_OPTION VALUES (0,102,140,NULL,1,24,24);
INSERT INTO SCARAB_R_MODULE_OPTION VALUES (0,101,141,NULL,1,25,25);
INSERT INTO SCARAB_R_MODULE_OPTION VALUES (0,102,141,NULL,1,25,25);
INSERT INTO SCARAB_R_MODULE_OPTION VALUES (0,101,142,NULL,1,26,26);
INSERT INTO SCARAB_R_MODULE_OPTION VALUES (0,102,142,NULL,1,26,26);
INSERT INTO SCARAB_R_MODULE_OPTION VALUES (0,101,143,NULL,1,29,29);
INSERT INTO SCARAB_R_MODULE_OPTION VALUES (0,102,143,NULL,1,29,29);
INSERT INTO SCARAB_R_MODULE_OPTION VALUES (0,101,144,NULL,1,30,30);
INSERT INTO SCARAB_R_MODULE_OPTION VALUES (0,102,144,NULL,1,30,30);
INSERT INTO SCARAB_R_MODULE_OPTION VALUES (0,101,145,NULL,1,31,31);
INSERT INTO SCARAB_R_MODULE_OPTION VALUES (0,102,145,NULL,1,31,31);
INSERT INTO SCARAB_R_MODULE_OPTION VALUES (0,101,146,NULL,1,34,34);
INSERT INTO SCARAB_R_MODULE_OPTION VALUES (0,102,146,NULL,1,34,34);
INSERT INTO SCARAB_R_MODULE_OPTION VALUES (0,101,150,NULL,1,35,35);
INSERT INTO SCARAB_R_MODULE_OPTION VALUES (0,102,150,NULL,1,35,35);
INSERT INTO SCARAB_R_MODULE_OPTION VALUES (0,101,151,NULL,1,32,32);
INSERT INTO SCARAB_R_MODULE_OPTION VALUES (0,102,151,NULL,1,32,32);
INSERT INTO SCARAB_R_MODULE_OPTION VALUES (0,101,152,NULL,1,33,33);
INSERT INTO SCARAB_R_MODULE_OPTION VALUES (0,102,152,NULL,1,33,33);
INSERT INTO SCARAB_R_MODULE_OPTION VALUES (0,101,153,NULL,1,40,40);
INSERT INTO SCARAB_R_MODULE_OPTION VALUES (0,102,153,NULL,1,40,40);
INSERT INTO SCARAB_R_MODULE_OPTION VALUES (0,101,175,NULL,1,2,2);
INSERT INTO SCARAB_R_MODULE_OPTION VALUES (0,102,175,NULL,1,2,2);
INSERT INTO SCARAB_R_MODULE_OPTION VALUES (0,101,176,NULL,1,9,9);
INSERT INTO SCARAB_R_MODULE_OPTION VALUES (0,102,176,NULL,1,9,9);
INSERT INTO SCARAB_R_MODULE_OPTION VALUES (0,101,177,NULL,1,17,17);
INSERT INTO SCARAB_R_MODULE_OPTION VALUES (0,102,177,NULL,1,17,17);
INSERT INTO SCARAB_R_MODULE_OPTION VALUES (0,101,182,NULL,1,23,23);
INSERT INTO SCARAB_R_MODULE_OPTION VALUES (0,102,182,NULL,1,23,23);
INSERT INTO SCARAB_R_MODULE_OPTION VALUES (0,101,183,NULL,1,27,27);
INSERT INTO SCARAB_R_MODULE_OPTION VALUES (0,102,183,NULL,1,27,27);
INSERT INTO SCARAB_R_MODULE_OPTION VALUES (0,101,184,NULL,1,38,38);
INSERT INTO SCARAB_R_MODULE_OPTION VALUES (0,102,184,NULL,1,38,38);
INSERT INTO SCARAB_R_MODULE_OPTION VALUES (0,101,185,NULL,1,36,36);
INSERT INTO SCARAB_R_MODULE_OPTION VALUES (0,102,185,NULL,1,36,36);
INSERT INTO SCARAB_R_MODULE_OPTION VALUES (0,101,187,NULL,1,17,17);
INSERT INTO SCARAB_R_MODULE_OPTION VALUES (0,102,187,NULL,1,17,17);
INSERT INTO SCARAB_R_MODULE_OPTION VALUES (0,101,101,NULL,1,1,1);
INSERT INTO SCARAB_R_MODULE_OPTION VALUES (0,102,101,NULL,1,1,1);
INSERT INTO SCARAB_R_MODULE_OPTION VALUES (0,101,102,NULL,1,2,2);
INSERT INTO SCARAB_R_MODULE_OPTION VALUES (0,102,102,NULL,1,2,2);
INSERT INTO SCARAB_R_MODULE_OPTION VALUES (0,101,103,NULL,1,3,3);
INSERT INTO SCARAB_R_MODULE_OPTION VALUES (0,102,103,NULL,1,3,3);
INSERT INTO SCARAB_R_MODULE_OPTION VALUES (0,101,104,NULL,1,4,4);
INSERT INTO SCARAB_R_MODULE_OPTION VALUES (0,102,104,NULL,1,4,4);
INSERT INTO SCARAB_R_MODULE_OPTION VALUES (0,101,105,NULL,1,5,5);
INSERT INTO SCARAB_R_MODULE_OPTION VALUES (0,102,105,NULL,1,5,5);
INSERT INTO SCARAB_R_MODULE_OPTION VALUES (0,101,106,NULL,1,6,6);
INSERT INTO SCARAB_R_MODULE_OPTION VALUES (0,102,106,NULL,1,6,6);
INSERT INTO SCARAB_R_MODULE_OPTION VALUES (0,101,107,NULL,1,7,7);
INSERT INTO SCARAB_R_MODULE_OPTION VALUES (0,102,107,NULL,1,7,7);
INSERT INTO SCARAB_R_MODULE_OPTION VALUES (0,101,108,NULL,1,1,1);
INSERT INTO SCARAB_R_MODULE_OPTION VALUES (0,102,108,NULL,1,1,1);
INSERT INTO SCARAB_R_MODULE_OPTION VALUES (0,101,109,NULL,1,2,2);
INSERT INTO SCARAB_R_MODULE_OPTION VALUES (0,102,109,NULL,1,2,2);
INSERT INTO SCARAB_R_MODULE_OPTION VALUES (0,101,110,NULL,1,3,3);
INSERT INTO SCARAB_R_MODULE_OPTION VALUES (0,102,110,NULL,1,3,3);
INSERT INTO SCARAB_R_MODULE_OPTION VALUES (0,101,111,NULL,1,4,4);
INSERT INTO SCARAB_R_MODULE_OPTION VALUES (0,102,111,NULL,1,4,4);
INSERT INTO SCARAB_R_MODULE_OPTION VALUES (0,101,112,NULL,1,5,5);
INSERT INTO SCARAB_R_MODULE_OPTION VALUES (0,102,112,NULL,1,5,5);
INSERT INTO SCARAB_R_MODULE_OPTION VALUES (0,101,113,NULL,1,6,6);
INSERT INTO SCARAB_R_MODULE_OPTION VALUES (0,102,113,NULL,1,6,6);
INSERT INTO SCARAB_R_MODULE_OPTION VALUES (0,101,114,NULL,1,7,7);
INSERT INTO SCARAB_R_MODULE_OPTION VALUES (0,102,114,NULL,1,7,7);
INSERT INTO SCARAB_R_MODULE_OPTION VALUES (0,101,115,NULL,1,8,8);
INSERT INTO SCARAB_R_MODULE_OPTION VALUES (0,102,115,NULL,1,8,8);
INSERT INTO SCARAB_R_MODULE_OPTION VALUES (0,101,154,NULL,1,1,1);
INSERT INTO SCARAB_R_MODULE_OPTION VALUES (0,102,154,NULL,1,1,1);
INSERT INTO SCARAB_R_MODULE_OPTION VALUES (0,101,155,NULL,1,2,2);
INSERT INTO SCARAB_R_MODULE_OPTION VALUES (0,102,155,NULL,1,2,2);
INSERT INTO SCARAB_R_MODULE_OPTION VALUES (0,101,156,NULL,1,3,3);
INSERT INTO SCARAB_R_MODULE_OPTION VALUES (0,102,156,NULL,1,3,3);
INSERT INTO SCARAB_R_MODULE_OPTION VALUES (0,101,157,NULL,1,4,4);
INSERT INTO SCARAB_R_MODULE_OPTION VALUES (0,102,157,NULL,1,4,4);
INSERT INTO SCARAB_R_MODULE_OPTION VALUES (0,101,158,NULL,1,1,1);
INSERT INTO SCARAB_R_MODULE_OPTION VALUES (0,102,158,NULL,1,1,1);
INSERT INTO SCARAB_R_MODULE_OPTION VALUES (0,101,159,NULL,1,2,2);
INSERT INTO SCARAB_R_MODULE_OPTION VALUES (0,102,159,NULL,1,2,2);
INSERT INTO SCARAB_R_MODULE_OPTION VALUES (0,101,160,NULL,1,3,3);
INSERT INTO SCARAB_R_MODULE_OPTION VALUES (0,102,160,NULL,1,3,3);
INSERT INTO SCARAB_R_MODULE_OPTION VALUES (0,101,161,NULL,1,4,4);
INSERT INTO SCARAB_R_MODULE_OPTION VALUES (0,102,161,NULL,1,4,4);
INSERT INTO SCARAB_R_MODULE_OPTION VALUES (0,101,162,NULL,1,1,1);
INSERT INTO SCARAB_R_MODULE_OPTION VALUES (0,102,162,NULL,1,1,1);
INSERT INTO SCARAB_R_MODULE_OPTION VALUES (0,101,163,NULL,1,2,2);
INSERT INTO SCARAB_R_MODULE_OPTION VALUES (0,102,163,NULL,1,2,2);
INSERT INTO SCARAB_R_MODULE_OPTION VALUES (0,101,164,NULL,1,3,3);
INSERT INTO SCARAB_R_MODULE_OPTION VALUES (0,102,164,NULL,1,3,3);
INSERT INTO SCARAB_R_MODULE_OPTION VALUES (0,101,165,NULL,1,4,4);
INSERT INTO SCARAB_R_MODULE_OPTION VALUES (0,102,165,NULL,1,4,4);
INSERT INTO SCARAB_R_MODULE_OPTION VALUES (0,101,166,NULL,1,5,5);
INSERT INTO SCARAB_R_MODULE_OPTION VALUES (0,102,166,NULL,1,5,5);
INSERT INTO SCARAB_R_MODULE_OPTION VALUES (0,101,167,NULL,1,6,6);
INSERT INTO SCARAB_R_MODULE_OPTION VALUES (0,102,167,NULL,1,6,6);
INSERT INTO SCARAB_R_MODULE_OPTION VALUES (0,101,168,NULL,1,7,7);
INSERT INTO SCARAB_R_MODULE_OPTION VALUES (0,102,168,NULL,1,7,7);
INSERT INTO SCARAB_R_MODULE_OPTION VALUES (0,101,169,NULL,1,8,8);
INSERT INTO SCARAB_R_MODULE_OPTION VALUES (0,102,169,NULL,1,8,8);
INSERT INTO SCARAB_R_MODULE_OPTION VALUES (0,101,170,NULL,1,9,9);
INSERT INTO SCARAB_R_MODULE_OPTION VALUES (0,102,170,NULL,1,9,9);
INSERT INTO SCARAB_R_MODULE_OPTION VALUES (0,101,171,NULL,1,10,10);
INSERT INTO SCARAB_R_MODULE_OPTION VALUES (0,102,171,NULL,1,10,10);
INSERT INTO SCARAB_R_MODULE_OPTION VALUES (0,101,188,NULL,1,1,1);
INSERT INTO SCARAB_R_MODULE_OPTION VALUES (0,102,188,NULL,1,1,1);
INSERT INTO SCARAB_R_MODULE_OPTION VALUES (0,101,189,NULL,1,2,2);
INSERT INTO SCARAB_R_MODULE_OPTION VALUES (0,102,189,NULL,1,2,2);
INSERT INTO SCARAB_R_MODULE_OPTION VALUES (0,101,190,NULL,1,3,3);
INSERT INTO SCARAB_R_MODULE_OPTION VALUES (0,102,190,NULL,1,3,3);
INSERT INTO SCARAB_R_MODULE_OPTION VALUES (0,103,116,NULL,1,1,1);
INSERT INTO SCARAB_R_MODULE_OPTION VALUES (0,104,116,NULL,1,1,1);
INSERT INTO SCARAB_R_MODULE_OPTION VALUES (0,103,117,NULL,1,2,2);
INSERT INTO SCARAB_R_MODULE_OPTION VALUES (0,104,117,NULL,1,2,2);
INSERT INTO SCARAB_R_MODULE_OPTION VALUES (0,103,118,NULL,1,3,3);
INSERT INTO SCARAB_R_MODULE_OPTION VALUES (0,104,118,NULL,1,3,3);
INSERT INTO SCARAB_R_MODULE_OPTION VALUES (0,103,119,NULL,1,4,4);
INSERT INTO SCARAB_R_MODULE_OPTION VALUES (0,104,119,NULL,1,4,4);
INSERT INTO SCARAB_R_MODULE_OPTION VALUES (0,103,120,NULL,1,5,5);
INSERT INTO SCARAB_R_MODULE_OPTION VALUES (0,104,120,NULL,1,5,5);
INSERT INTO SCARAB_R_MODULE_OPTION VALUES (0,103,121,NULL,1,6,6);
INSERT INTO SCARAB_R_MODULE_OPTION VALUES (0,104,121,NULL,1,6,6);
INSERT INTO SCARAB_R_MODULE_OPTION VALUES (0,103,122,NULL,1,7,7);
INSERT INTO SCARAB_R_MODULE_OPTION VALUES (0,104,122,NULL,1,7,7);
INSERT INTO SCARAB_R_MODULE_OPTION VALUES (0,103,123,NULL,1,8,8);
INSERT INTO SCARAB_R_MODULE_OPTION VALUES (0,104,123,NULL,1,8,8);
INSERT INTO SCARAB_R_MODULE_OPTION VALUES (0,103,124,NULL,1,1,1);
INSERT INTO SCARAB_R_MODULE_OPTION VALUES (0,104,124,NULL,1,1,1);
INSERT INTO SCARAB_R_MODULE_OPTION VALUES (0,103,125,NULL,1,3,3);
INSERT INTO SCARAB_R_MODULE_OPTION VALUES (0,104,125,NULL,1,3,3);
INSERT INTO SCARAB_R_MODULE_OPTION VALUES (0,103,126,NULL,1,4,4);
INSERT INTO SCARAB_R_MODULE_OPTION VALUES (0,104,126,NULL,1,4,4);
INSERT INTO SCARAB_R_MODULE_OPTION VALUES (0,103,127,NULL,1,5,5);
INSERT INTO SCARAB_R_MODULE_OPTION VALUES (0,104,127,NULL,1,5,5);
INSERT INTO SCARAB_R_MODULE_OPTION VALUES (0,103,128,NULL,1,6,6);
INSERT INTO SCARAB_R_MODULE_OPTION VALUES (0,104,128,NULL,1,6,6);
INSERT INTO SCARAB_R_MODULE_OPTION VALUES (0,103,129,NULL,1,7,7);
INSERT INTO SCARAB_R_MODULE_OPTION VALUES (0,104,129,NULL,1,7,7);
INSERT INTO SCARAB_R_MODULE_OPTION VALUES (0,103,130,NULL,1,8,8);
INSERT INTO SCARAB_R_MODULE_OPTION VALUES (0,104,130,NULL,1,8,8);
INSERT INTO SCARAB_R_MODULE_OPTION VALUES (0,103,131,NULL,1,10,10);
INSERT INTO SCARAB_R_MODULE_OPTION VALUES (0,104,131,NULL,1,10,10);
INSERT INTO SCARAB_R_MODULE_OPTION VALUES (0,103,132,NULL,1,11,11);
INSERT INTO SCARAB_R_MODULE_OPTION VALUES (0,104,132,NULL,1,11,11);
INSERT INTO SCARAB_R_MODULE_OPTION VALUES (0,103,133,NULL,1,12,12);
INSERT INTO SCARAB_R_MODULE_OPTION VALUES (0,104,133,NULL,1,12,12);
INSERT INTO SCARAB_R_MODULE_OPTION VALUES (0,103,134,NULL,1,13,13);
INSERT INTO SCARAB_R_MODULE_OPTION VALUES (0,104,134,NULL,1,13,13);
INSERT INTO SCARAB_R_MODULE_OPTION VALUES (0,103,135,NULL,1,14,14);
INSERT INTO SCARAB_R_MODULE_OPTION VALUES (0,104,135,NULL,1,14,14);
INSERT INTO SCARAB_R_MODULE_OPTION VALUES (0,103,136,NULL,1,15,15);
INSERT INTO SCARAB_R_MODULE_OPTION VALUES (0,104,136,NULL,1,15,15);
INSERT INTO SCARAB_R_MODULE_OPTION VALUES (0,103,137,NULL,1,16,16);
INSERT INTO SCARAB_R_MODULE_OPTION VALUES (0,104,137,NULL,1,16,16);
INSERT INTO SCARAB_R_MODULE_OPTION VALUES (0,103,138,NULL,1,18,18);
INSERT INTO SCARAB_R_MODULE_OPTION VALUES (0,104,138,NULL,1,18,18);
INSERT INTO SCARAB_R_MODULE_OPTION VALUES (0,103,139,NULL,1,28,28);
INSERT INTO SCARAB_R_MODULE_OPTION VALUES (0,104,139,NULL,1,28,28);
INSERT INTO SCARAB_R_MODULE_OPTION VALUES (0,103,140,NULL,1,24,24);
INSERT INTO SCARAB_R_MODULE_OPTION VALUES (0,104,140,NULL,1,24,24);
INSERT INTO SCARAB_R_MODULE_OPTION VALUES (0,103,141,NULL,1,25,25);
INSERT INTO SCARAB_R_MODULE_OPTION VALUES (0,104,141,NULL,1,25,25);
INSERT INTO SCARAB_R_MODULE_OPTION VALUES (0,103,142,NULL,1,26,26);
INSERT INTO SCARAB_R_MODULE_OPTION VALUES (0,104,142,NULL,1,26,26);
INSERT INTO SCARAB_R_MODULE_OPTION VALUES (0,103,143,NULL,1,29,29);
INSERT INTO SCARAB_R_MODULE_OPTION VALUES (0,104,143,NULL,1,29,29);
INSERT INTO SCARAB_R_MODULE_OPTION VALUES (0,103,144,NULL,1,30,30);
INSERT INTO SCARAB_R_MODULE_OPTION VALUES (0,104,144,NULL,1,30,30);
INSERT INTO SCARAB_R_MODULE_OPTION VALUES (0,103,145,NULL,1,31,31);
INSERT INTO SCARAB_R_MODULE_OPTION VALUES (0,104,145,NULL,1,31,31);
INSERT INTO SCARAB_R_MODULE_OPTION VALUES (0,103,146,NULL,1,34,34);
INSERT INTO SCARAB_R_MODULE_OPTION VALUES (0,104,146,NULL,1,34,34);
INSERT INTO SCARAB_R_MODULE_OPTION VALUES (0,103,150,NULL,1,35,35);
INSERT INTO SCARAB_R_MODULE_OPTION VALUES (0,104,150,NULL,1,35,35);
INSERT INTO SCARAB_R_MODULE_OPTION VALUES (0,103,151,NULL,1,32,32);
INSERT INTO SCARAB_R_MODULE_OPTION VALUES (0,104,151,NULL,1,32,32);
INSERT INTO SCARAB_R_MODULE_OPTION VALUES (0,103,152,NULL,1,33,33);
INSERT INTO SCARAB_R_MODULE_OPTION VALUES (0,104,152,NULL,1,33,33);
INSERT INTO SCARAB_R_MODULE_OPTION VALUES (0,103,153,NULL,1,40,40);
INSERT INTO SCARAB_R_MODULE_OPTION VALUES (0,104,153,NULL,1,40,40);
INSERT INTO SCARAB_R_MODULE_OPTION VALUES (0,103,175,NULL,1,2,2);
INSERT INTO SCARAB_R_MODULE_OPTION VALUES (0,104,175,NULL,1,2,2);
INSERT INTO SCARAB_R_MODULE_OPTION VALUES (0,103,176,NULL,1,9,9);
INSERT INTO SCARAB_R_MODULE_OPTION VALUES (0,104,176,NULL,1,9,9);
INSERT INTO SCARAB_R_MODULE_OPTION VALUES (0,103,177,NULL,1,17,17);
INSERT INTO SCARAB_R_MODULE_OPTION VALUES (0,104,177,NULL,1,17,17);
INSERT INTO SCARAB_R_MODULE_OPTION VALUES (0,103,182,NULL,1,23,23);
INSERT INTO SCARAB_R_MODULE_OPTION VALUES (0,104,182,NULL,1,23,23);
INSERT INTO SCARAB_R_MODULE_OPTION VALUES (0,103,183,NULL,1,27,27);
INSERT INTO SCARAB_R_MODULE_OPTION VALUES (0,104,183,NULL,1,27,27);
INSERT INTO SCARAB_R_MODULE_OPTION VALUES (0,103,184,NULL,1,38,38);
INSERT INTO SCARAB_R_MODULE_OPTION VALUES (0,104,184,NULL,1,38,38);
INSERT INTO SCARAB_R_MODULE_OPTION VALUES (0,103,185,NULL,1,36,36);
INSERT INTO SCARAB_R_MODULE_OPTION VALUES (0,104,185,NULL,1,36,36);
INSERT INTO SCARAB_R_MODULE_OPTION VALUES (0,103,187,NULL,1,17,17);
INSERT INTO SCARAB_R_MODULE_OPTION VALUES (0,104,187,NULL,1,17,17);
INSERT INTO SCARAB_R_MODULE_OPTION VALUES (0,103,101,NULL,1,1,1);
INSERT INTO SCARAB_R_MODULE_OPTION VALUES (0,104,101,NULL,1,1,1);
INSERT INTO SCARAB_R_MODULE_OPTION VALUES (0,103,102,NULL,1,2,2);
INSERT INTO SCARAB_R_MODULE_OPTION VALUES (0,104,102,NULL,1,2,2);
INSERT INTO SCARAB_R_MODULE_OPTION VALUES (0,103,103,NULL,1,3,3);
INSERT INTO SCARAB_R_MODULE_OPTION VALUES (0,104,103,NULL,1,3,3);
INSERT INTO SCARAB_R_MODULE_OPTION VALUES (0,103,104,NULL,1,4,4);
INSERT INTO SCARAB_R_MODULE_OPTION VALUES (0,104,104,NULL,1,4,4);
INSERT INTO SCARAB_R_MODULE_OPTION VALUES (0,103,105,NULL,1,5,5);
INSERT INTO SCARAB_R_MODULE_OPTION VALUES (0,104,105,NULL,1,5,5);
INSERT INTO SCARAB_R_MODULE_OPTION VALUES (0,103,106,NULL,1,6,6);
INSERT INTO SCARAB_R_MODULE_OPTION VALUES (0,104,106,NULL,1,6,6);
INSERT INTO SCARAB_R_MODULE_OPTION VALUES (0,103,107,NULL,1,7,7);
INSERT INTO SCARAB_R_MODULE_OPTION VALUES (0,104,107,NULL,1,7,7);
INSERT INTO SCARAB_R_MODULE_OPTION VALUES (0,103,108,NULL,1,1,1);
INSERT INTO SCARAB_R_MODULE_OPTION VALUES (0,104,108,NULL,1,1,1);
INSERT INTO SCARAB_R_MODULE_OPTION VALUES (0,103,109,NULL,1,2,2);
INSERT INTO SCARAB_R_MODULE_OPTION VALUES (0,104,109,NULL,1,2,2);
INSERT INTO SCARAB_R_MODULE_OPTION VALUES (0,103,110,NULL,1,3,3);
INSERT INTO SCARAB_R_MODULE_OPTION VALUES (0,104,110,NULL,1,3,3);
INSERT INTO SCARAB_R_MODULE_OPTION VALUES (0,103,111,NULL,1,4,4);
INSERT INTO SCARAB_R_MODULE_OPTION VALUES (0,104,111,NULL,1,4,4);
INSERT INTO SCARAB_R_MODULE_OPTION VALUES (0,103,112,NULL,1,5,5);
INSERT INTO SCARAB_R_MODULE_OPTION VALUES (0,104,112,NULL,1,5,5);
INSERT INTO SCARAB_R_MODULE_OPTION VALUES (0,103,113,NULL,1,6,6);
INSERT INTO SCARAB_R_MODULE_OPTION VALUES (0,104,113,NULL,1,6,6);
INSERT INTO SCARAB_R_MODULE_OPTION VALUES (0,103,114,NULL,1,7,7);
INSERT INTO SCARAB_R_MODULE_OPTION VALUES (0,104,114,NULL,1,7,7);
INSERT INTO SCARAB_R_MODULE_OPTION VALUES (0,103,115,NULL,1,8,8);
INSERT INTO SCARAB_R_MODULE_OPTION VALUES (0,104,115,NULL,1,8,8);
INSERT INTO SCARAB_R_MODULE_OPTION VALUES (0,103,154,NULL,1,1,1);
INSERT INTO SCARAB_R_MODULE_OPTION VALUES (0,104,154,NULL,1,1,1);
INSERT INTO SCARAB_R_MODULE_OPTION VALUES (0,103,155,NULL,1,2,2);
INSERT INTO SCARAB_R_MODULE_OPTION VALUES (0,104,155,NULL,1,2,2);
INSERT INTO SCARAB_R_MODULE_OPTION VALUES (0,103,156,NULL,1,3,3);
INSERT INTO SCARAB_R_MODULE_OPTION VALUES (0,104,156,NULL,1,3,3);
INSERT INTO SCARAB_R_MODULE_OPTION VALUES (0,103,157,NULL,1,4,4);
INSERT INTO SCARAB_R_MODULE_OPTION VALUES (0,104,157,NULL,1,4,4);
INSERT INTO SCARAB_R_MODULE_OPTION VALUES (0,103,158,NULL,1,1,1);
INSERT INTO SCARAB_R_MODULE_OPTION VALUES (0,104,158,NULL,1,1,1);
INSERT INTO SCARAB_R_MODULE_OPTION VALUES (0,103,159,NULL,1,2,2);
INSERT INTO SCARAB_R_MODULE_OPTION VALUES (0,104,159,NULL,1,2,2);
INSERT INTO SCARAB_R_MODULE_OPTION VALUES (0,103,160,NULL,1,3,3);
INSERT INTO SCARAB_R_MODULE_OPTION VALUES (0,104,160,NULL,1,3,3);
INSERT INTO SCARAB_R_MODULE_OPTION VALUES (0,103,161,NULL,1,4,4);
INSERT INTO SCARAB_R_MODULE_OPTION VALUES (0,104,161,NULL,1,4,4);
INSERT INTO SCARAB_R_MODULE_OPTION VALUES (0,103,188,NULL,1,1,1);
INSERT INTO SCARAB_R_MODULE_OPTION VALUES (0,104,188,NULL,1,1,1);
INSERT INTO SCARAB_R_MODULE_OPTION VALUES (0,103,189,NULL,1,2,2);
INSERT INTO SCARAB_R_MODULE_OPTION VALUES (0,104,189,NULL,1,2,2);
INSERT INTO SCARAB_R_MODULE_OPTION VALUES (0,103,190,NULL,1,3,3);
INSERT INTO SCARAB_R_MODULE_OPTION VALUES (0,104,190,NULL,1,3,3);
INSERT INTO SCARAB_R_MODULE_OPTION VALUES (0,105,101,NULL,1,1,1);
INSERT INTO SCARAB_R_MODULE_OPTION VALUES (0,106,101,NULL,1,1,1);
INSERT INTO SCARAB_R_MODULE_OPTION VALUES (0,105,102,NULL,1,2,2);
INSERT INTO SCARAB_R_MODULE_OPTION VALUES (0,106,102,NULL,1,2,2);
INSERT INTO SCARAB_R_MODULE_OPTION VALUES (0,105,103,NULL,1,3,3);
INSERT INTO SCARAB_R_MODULE_OPTION VALUES (0,106,103,NULL,1,3,3);
INSERT INTO SCARAB_R_MODULE_OPTION VALUES (0,105,104,NULL,1,4,4);
INSERT INTO SCARAB_R_MODULE_OPTION VALUES (0,106,104,NULL,1,4,4);
INSERT INTO SCARAB_R_MODULE_OPTION VALUES (0,105,105,NULL,1,5,5);
INSERT INTO SCARAB_R_MODULE_OPTION VALUES (0,106,105,NULL,1,5,5);
INSERT INTO SCARAB_R_MODULE_OPTION VALUES (0,105,106,NULL,1,6,6);
INSERT INTO SCARAB_R_MODULE_OPTION VALUES (0,106,106,NULL,1,6,6);
INSERT INTO SCARAB_R_MODULE_OPTION VALUES (0,105,107,NULL,1,7,7);
INSERT INTO SCARAB_R_MODULE_OPTION VALUES (0,106,107,NULL,1,7,7);
INSERT INTO SCARAB_R_MODULE_OPTION VALUES (0,105,108,NULL,1,1,1);
INSERT INTO SCARAB_R_MODULE_OPTION VALUES (0,106,108,NULL,1,1,1);
INSERT INTO SCARAB_R_MODULE_OPTION VALUES (0,105,109,NULL,1,2,2);
INSERT INTO SCARAB_R_MODULE_OPTION VALUES (0,106,109,NULL,1,2,2);
INSERT INTO SCARAB_R_MODULE_OPTION VALUES (0,105,110,NULL,1,3,3);
INSERT INTO SCARAB_R_MODULE_OPTION VALUES (0,106,110,NULL,1,3,3);
INSERT INTO SCARAB_R_MODULE_OPTION VALUES (0,105,111,NULL,1,4,4);
INSERT INTO SCARAB_R_MODULE_OPTION VALUES (0,106,111,NULL,1,4,4);
INSERT INTO SCARAB_R_MODULE_OPTION VALUES (0,105,112,NULL,1,5,5);
INSERT INTO SCARAB_R_MODULE_OPTION VALUES (0,106,112,NULL,1,5,5);
INSERT INTO SCARAB_R_MODULE_OPTION VALUES (0,105,113,NULL,1,6,6);
INSERT INTO SCARAB_R_MODULE_OPTION VALUES (0,106,113,NULL,1,6,6);
INSERT INTO SCARAB_R_MODULE_OPTION VALUES (0,105,114,NULL,1,7,7);
INSERT INTO SCARAB_R_MODULE_OPTION VALUES (0,106,114,NULL,1,7,7);
INSERT INTO SCARAB_R_MODULE_OPTION VALUES (0,105,115,NULL,1,8,8);
INSERT INTO SCARAB_R_MODULE_OPTION VALUES (0,106,115,NULL,1,8,8);
INSERT INTO SCARAB_R_MODULE_OPTION VALUES (0,105,154,NULL,1,1,1);
INSERT INTO SCARAB_R_MODULE_OPTION VALUES (0,106,154,NULL,1,1,1);
INSERT INTO SCARAB_R_MODULE_OPTION VALUES (0,105,155,NULL,1,2,2);
INSERT INTO SCARAB_R_MODULE_OPTION VALUES (0,106,155,NULL,1,2,2);
INSERT INTO SCARAB_R_MODULE_OPTION VALUES (0,105,156,NULL,1,3,3);
INSERT INTO SCARAB_R_MODULE_OPTION VALUES (0,106,156,NULL,1,3,3);
INSERT INTO SCARAB_R_MODULE_OPTION VALUES (0,105,157,NULL,1,4,4);
INSERT INTO SCARAB_R_MODULE_OPTION VALUES (0,106,157,NULL,1,4,4);
INSERT INTO SCARAB_R_MODULE_OPTION VALUES (0,105,158,NULL,1,1,1);
INSERT INTO SCARAB_R_MODULE_OPTION VALUES (0,106,158,NULL,1,1,1);
INSERT INTO SCARAB_R_MODULE_OPTION VALUES (0,105,159,NULL,1,2,2);
INSERT INTO SCARAB_R_MODULE_OPTION VALUES (0,106,159,NULL,1,2,2);
INSERT INTO SCARAB_R_MODULE_OPTION VALUES (0,105,160,NULL,1,3,3);
INSERT INTO SCARAB_R_MODULE_OPTION VALUES (0,106,160,NULL,1,3,3);
INSERT INTO SCARAB_R_MODULE_OPTION VALUES (0,105,161,NULL,1,4,4);
INSERT INTO SCARAB_R_MODULE_OPTION VALUES (0,106,161,NULL,1,4,4);
INSERT INTO SCARAB_R_MODULE_OPTION VALUES (0,105,188,NULL,1,1,1);
INSERT INTO SCARAB_R_MODULE_OPTION VALUES (0,106,188,NULL,1,1,1);
INSERT INTO SCARAB_R_MODULE_OPTION VALUES (0,105,189,NULL,1,2,2);
INSERT INTO SCARAB_R_MODULE_OPTION VALUES (0,106,189,NULL,1,2,2);
INSERT INTO SCARAB_R_MODULE_OPTION VALUES (0,105,190,NULL,1,3,3);
INSERT INTO SCARAB_R_MODULE_OPTION VALUES (0,106,190,NULL,1,3,3);
INSERT INTO SCARAB_R_MODULE_OPTION VALUES (0,107,101,NULL,1,1,1);
INSERT INTO SCARAB_R_MODULE_OPTION VALUES (0,108,101,NULL,1,1,1);
INSERT INTO SCARAB_R_MODULE_OPTION VALUES (0,107,102,NULL,1,2,2);
INSERT INTO SCARAB_R_MODULE_OPTION VALUES (0,108,102,NULL,1,2,2);
INSERT INTO SCARAB_R_MODULE_OPTION VALUES (0,107,103,NULL,1,3,3);
INSERT INTO SCARAB_R_MODULE_OPTION VALUES (0,108,103,NULL,1,3,3);
INSERT INTO SCARAB_R_MODULE_OPTION VALUES (0,107,104,NULL,1,4,4);
INSERT INTO SCARAB_R_MODULE_OPTION VALUES (0,108,104,NULL,1,4,4);
INSERT INTO SCARAB_R_MODULE_OPTION VALUES (0,107,105,NULL,1,5,5);
INSERT INTO SCARAB_R_MODULE_OPTION VALUES (0,108,105,NULL,1,5,5);
INSERT INTO SCARAB_R_MODULE_OPTION VALUES (0,107,106,NULL,1,6,6);
INSERT INTO SCARAB_R_MODULE_OPTION VALUES (0,108,106,NULL,1,6,6);
INSERT INTO SCARAB_R_MODULE_OPTION VALUES (0,107,107,NULL,1,7,7);
INSERT INTO SCARAB_R_MODULE_OPTION VALUES (0,108,107,NULL,1,7,7);
INSERT INTO SCARAB_R_MODULE_OPTION VALUES (0,107,108,NULL,1,1,1);
INSERT INTO SCARAB_R_MODULE_OPTION VALUES (0,108,108,NULL,1,1,1);
INSERT INTO SCARAB_R_MODULE_OPTION VALUES (0,107,109,NULL,1,2,2);
INSERT INTO SCARAB_R_MODULE_OPTION VALUES (0,108,109,NULL,1,2,2);
INSERT INTO SCARAB_R_MODULE_OPTION VALUES (0,107,110,NULL,1,3,3);
INSERT INTO SCARAB_R_MODULE_OPTION VALUES (0,108,110,NULL,1,3,3);
INSERT INTO SCARAB_R_MODULE_OPTION VALUES (0,107,111,NULL,1,4,4);
INSERT INTO SCARAB_R_MODULE_OPTION VALUES (0,108,111,NULL,1,4,4);
INSERT INTO SCARAB_R_MODULE_OPTION VALUES (0,107,112,NULL,1,5,5);
INSERT INTO SCARAB_R_MODULE_OPTION VALUES (0,108,112,NULL,1,5,5);
INSERT INTO SCARAB_R_MODULE_OPTION VALUES (0,107,113,NULL,1,6,6);
INSERT INTO SCARAB_R_MODULE_OPTION VALUES (0,108,113,NULL,1,6,6);
INSERT INTO SCARAB_R_MODULE_OPTION VALUES (0,107,114,NULL,1,7,7);
INSERT INTO SCARAB_R_MODULE_OPTION VALUES (0,108,114,NULL,1,7,7);
INSERT INTO SCARAB_R_MODULE_OPTION VALUES (0,107,115,NULL,1,8,8);
INSERT INTO SCARAB_R_MODULE_OPTION VALUES (0,108,115,NULL,1,8,8);
INSERT INTO SCARAB_R_MODULE_OPTION VALUES (0,107,154,NULL,1,1,1);
INSERT INTO SCARAB_R_MODULE_OPTION VALUES (0,108,154,NULL,1,1,1);
INSERT INTO SCARAB_R_MODULE_OPTION VALUES (0,107,155,NULL,1,2,2);
INSERT INTO SCARAB_R_MODULE_OPTION VALUES (0,108,155,NULL,1,2,2);
INSERT INTO SCARAB_R_MODULE_OPTION VALUES (0,107,156,NULL,1,3,3);
INSERT INTO SCARAB_R_MODULE_OPTION VALUES (0,108,156,NULL,1,3,3);
INSERT INTO SCARAB_R_MODULE_OPTION VALUES (0,107,157,NULL,1,4,4);
INSERT INTO SCARAB_R_MODULE_OPTION VALUES (0,108,157,NULL,1,4,4);
INSERT INTO SCARAB_R_MODULE_OPTION VALUES (0,107,158,NULL,1,1,1);
INSERT INTO SCARAB_R_MODULE_OPTION VALUES (0,108,158,NULL,1,1,1);
INSERT INTO SCARAB_R_MODULE_OPTION VALUES (0,107,159,NULL,1,2,2);
INSERT INTO SCARAB_R_MODULE_OPTION VALUES (0,108,159,NULL,1,2,2);
INSERT INTO SCARAB_R_MODULE_OPTION VALUES (0,107,160,NULL,1,3,3);
INSERT INTO SCARAB_R_MODULE_OPTION VALUES (0,108,160,NULL,1,3,3);
INSERT INTO SCARAB_R_MODULE_OPTION VALUES (0,107,161,NULL,1,4,4);
INSERT INTO SCARAB_R_MODULE_OPTION VALUES (0,108,161,NULL,1,4,4);
INSERT INTO SCARAB_R_MODULE_OPTION VALUES (0,107,188,NULL,1,1,1);
INSERT INTO SCARAB_R_MODULE_OPTION VALUES (0,108,188,NULL,1,1,1);
INSERT INTO SCARAB_R_MODULE_OPTION VALUES (0,107,189,NULL,1,2,2);
INSERT INTO SCARAB_R_MODULE_OPTION VALUES (0,108,189,NULL,1,2,2);
INSERT INTO SCARAB_R_MODULE_OPTION VALUES (0,107,190,NULL,1,3,3);
INSERT INTO SCARAB_R_MODULE_OPTION VALUES (0,108,190,NULL,1,3,3);
INSERT INTO SCARAB_R_MODULE_OPTION VALUES (0,109,101,NULL,1,1,1);
INSERT INTO SCARAB_R_MODULE_OPTION VALUES (0,110,101,NULL,1,1,1);
INSERT INTO SCARAB_R_MODULE_OPTION VALUES (0,109,102,NULL,1,2,2);
INSERT INTO SCARAB_R_MODULE_OPTION VALUES (0,110,102,NULL,1,2,2);
INSERT INTO SCARAB_R_MODULE_OPTION VALUES (0,109,103,NULL,1,3,3);
INSERT INTO SCARAB_R_MODULE_OPTION VALUES (0,110,103,NULL,1,3,3);
INSERT INTO SCARAB_R_MODULE_OPTION VALUES (0,109,104,NULL,1,4,4);
INSERT INTO SCARAB_R_MODULE_OPTION VALUES (0,110,104,NULL,1,4,4);
INSERT INTO SCARAB_R_MODULE_OPTION VALUES (0,109,105,NULL,1,5,5);
INSERT INTO SCARAB_R_MODULE_OPTION VALUES (0,110,105,NULL,1,5,5);
INSERT INTO SCARAB_R_MODULE_OPTION VALUES (0,109,106,NULL,1,6,6);
INSERT INTO SCARAB_R_MODULE_OPTION VALUES (0,110,106,NULL,1,6,6);
INSERT INTO SCARAB_R_MODULE_OPTION VALUES (0,109,107,NULL,1,7,7);
INSERT INTO SCARAB_R_MODULE_OPTION VALUES (0,110,107,NULL,1,7,7);
INSERT INTO SCARAB_R_MODULE_OPTION VALUES (0,109,108,NULL,1,1,1);
INSERT INTO SCARAB_R_MODULE_OPTION VALUES (0,110,108,NULL,1,1,1);
INSERT INTO SCARAB_R_MODULE_OPTION VALUES (0,109,109,NULL,1,2,2);
INSERT INTO SCARAB_R_MODULE_OPTION VALUES (0,110,109,NULL,1,2,2);
INSERT INTO SCARAB_R_MODULE_OPTION VALUES (0,109,110,NULL,1,3,3);
INSERT INTO SCARAB_R_MODULE_OPTION VALUES (0,110,110,NULL,1,3,3);
INSERT INTO SCARAB_R_MODULE_OPTION VALUES (0,109,111,NULL,1,4,4);
INSERT INTO SCARAB_R_MODULE_OPTION VALUES (0,110,111,NULL,1,4,4);
INSERT INTO SCARAB_R_MODULE_OPTION VALUES (0,109,112,NULL,1,5,5);
INSERT INTO SCARAB_R_MODULE_OPTION VALUES (0,110,112,NULL,1,5,5);
INSERT INTO SCARAB_R_MODULE_OPTION VALUES (0,109,113,NULL,1,6,6);
INSERT INTO SCARAB_R_MODULE_OPTION VALUES (0,110,113,NULL,1,6,6);
INSERT INTO SCARAB_R_MODULE_OPTION VALUES (0,109,114,NULL,1,7,7);
INSERT INTO SCARAB_R_MODULE_OPTION VALUES (0,110,114,NULL,1,7,7);
INSERT INTO SCARAB_R_MODULE_OPTION VALUES (0,109,115,NULL,1,8,8);
INSERT INTO SCARAB_R_MODULE_OPTION VALUES (0,110,115,NULL,1,8,8);
INSERT INTO SCARAB_R_MODULE_OPTION VALUES (0,109,154,NULL,1,1,1);
INSERT INTO SCARAB_R_MODULE_OPTION VALUES (0,110,154,NULL,1,1,1);
INSERT INTO SCARAB_R_MODULE_OPTION VALUES (0,109,155,NULL,1,2,2);
INSERT INTO SCARAB_R_MODULE_OPTION VALUES (0,110,155,NULL,1,2,2);
INSERT INTO SCARAB_R_MODULE_OPTION VALUES (0,109,156,NULL,1,3,3);
INSERT INTO SCARAB_R_MODULE_OPTION VALUES (0,110,156,NULL,1,3,3);
INSERT INTO SCARAB_R_MODULE_OPTION VALUES (0,109,157,NULL,1,4,4);
INSERT INTO SCARAB_R_MODULE_OPTION VALUES (0,110,157,NULL,1,4,4);
INSERT INTO SCARAB_R_MODULE_OPTION VALUES (0,109,158,NULL,1,1,1);
INSERT INTO SCARAB_R_MODULE_OPTION VALUES (0,110,158,NULL,1,1,1);
INSERT INTO SCARAB_R_MODULE_OPTION VALUES (0,109,159,NULL,1,2,2);
INSERT INTO SCARAB_R_MODULE_OPTION VALUES (0,110,159,NULL,1,2,2);
INSERT INTO SCARAB_R_MODULE_OPTION VALUES (0,109,160,NULL,1,3,3);
INSERT INTO SCARAB_R_MODULE_OPTION VALUES (0,110,160,NULL,1,3,3);
INSERT INTO SCARAB_R_MODULE_OPTION VALUES (0,109,161,NULL,1,4,4);
INSERT INTO SCARAB_R_MODULE_OPTION VALUES (0,110,161,NULL,1,4,4);
INSERT INTO SCARAB_R_MODULE_OPTION VALUES (0,109,188,NULL,1,1,1);
INSERT INTO SCARAB_R_MODULE_OPTION VALUES (0,110,188,NULL,1,1,1);
INSERT INTO SCARAB_R_MODULE_OPTION VALUES (0,109,189,NULL,1,2,2);
INSERT INTO SCARAB_R_MODULE_OPTION VALUES (0,110,189,NULL,1,2,2);
INSERT INTO SCARAB_R_MODULE_OPTION VALUES (0,109,190,NULL,1,3,3);
INSERT INTO SCARAB_R_MODULE_OPTION VALUES (0,110,190,NULL,1,3,3);

-- issue type options for defect
INSERT INTO SCARAB_R_ISSUETYPE_OPTION VALUES (101,101,1,0,1,-1);
INSERT INTO SCARAB_R_ISSUETYPE_OPTION VALUES (101,102,1,0,2,-1);
INSERT INTO SCARAB_R_ISSUETYPE_OPTION VALUES (101,103,1,0,3,-1);
INSERT INTO SCARAB_R_ISSUETYPE_OPTION VALUES (101,104,1,0,4,-1);
INSERT INTO SCARAB_R_ISSUETYPE_OPTION VALUES (101,105,1,0,5,-1);
INSERT INTO SCARAB_R_ISSUETYPE_OPTION VALUES (101,106,1,0,6,-1);
INSERT INTO SCARAB_R_ISSUETYPE_OPTION VALUES (101,107,1,0,7,-1);
INSERT INTO SCARAB_R_ISSUETYPE_OPTION VALUES (101,108,1,0,1,-1);
INSERT INTO SCARAB_R_ISSUETYPE_OPTION VALUES (101,109,1,0,2,-1);
INSERT INTO SCARAB_R_ISSUETYPE_OPTION VALUES (101,110,1,0,3,-1);
INSERT INTO SCARAB_R_ISSUETYPE_OPTION VALUES (101,111,1,0,4,-1);
INSERT INTO SCARAB_R_ISSUETYPE_OPTION VALUES (101,112,1,0,5,-1);
INSERT INTO SCARAB_R_ISSUETYPE_OPTION VALUES (101,113,1,0,6,-1);
INSERT INTO SCARAB_R_ISSUETYPE_OPTION VALUES (101,114,1,0,7,-1);
INSERT INTO SCARAB_R_ISSUETYPE_OPTION VALUES (101,115,1,0,8,-1);
INSERT INTO SCARAB_R_ISSUETYPE_OPTION VALUES (101,116,1,0,1,-1);
INSERT INTO SCARAB_R_ISSUETYPE_OPTION VALUES (101,117,1,0,2,-1);
INSERT INTO SCARAB_R_ISSUETYPE_OPTION VALUES (101,118,1,0,3,-1);
INSERT INTO SCARAB_R_ISSUETYPE_OPTION VALUES (101,119,1,0,4,-1);
INSERT INTO SCARAB_R_ISSUETYPE_OPTION VALUES (101,120,1,0,5,-1);
INSERT INTO SCARAB_R_ISSUETYPE_OPTION VALUES (101,121,1,0,6,-1);
INSERT INTO SCARAB_R_ISSUETYPE_OPTION VALUES (101,122,1,0,7,-1);
INSERT INTO SCARAB_R_ISSUETYPE_OPTION VALUES (101,123,1,0,8,-1);
INSERT INTO SCARAB_R_ISSUETYPE_OPTION VALUES (101,124,1,0,1,-1);
INSERT INTO SCARAB_R_ISSUETYPE_OPTION VALUES (101,125,1,0,3,-1);
INSERT INTO SCARAB_R_ISSUETYPE_OPTION VALUES (101,126,1,0,4,-1);
INSERT INTO SCARAB_R_ISSUETYPE_OPTION VALUES (101,127,1,0,5,-1);
INSERT INTO SCARAB_R_ISSUETYPE_OPTION VALUES (101,128,1,0,6,-1);
INSERT INTO SCARAB_R_ISSUETYPE_OPTION VALUES (101,129,1,0,7,-1);
INSERT INTO SCARAB_R_ISSUETYPE_OPTION VALUES (101,130,1,0,8,-1);
INSERT INTO SCARAB_R_ISSUETYPE_OPTION VALUES (101,131,1,0,10,-1);
INSERT INTO SCARAB_R_ISSUETYPE_OPTION VALUES (101,132,1,0,11,-1);
INSERT INTO SCARAB_R_ISSUETYPE_OPTION VALUES (101,133,1,0,12,-1);
INSERT INTO SCARAB_R_ISSUETYPE_OPTION VALUES (101,134,1,0,13,-1);
INSERT INTO SCARAB_R_ISSUETYPE_OPTION VALUES (101,135,1,0,14,-1);
INSERT INTO SCARAB_R_ISSUETYPE_OPTION VALUES (101,136,1,0,15,-1);
INSERT INTO SCARAB_R_ISSUETYPE_OPTION VALUES (101,137,1,0,16,-1);
INSERT INTO SCARAB_R_ISSUETYPE_OPTION VALUES (101,138,1,0,23,-1);
INSERT INTO SCARAB_R_ISSUETYPE_OPTION VALUES (101,139,1,0,29,-1);
INSERT INTO SCARAB_R_ISSUETYPE_OPTION VALUES (101,140,1,0,20,-1);
INSERT INTO SCARAB_R_ISSUETYPE_OPTION VALUES (101,141,1,0,21,-1);
INSERT INTO SCARAB_R_ISSUETYPE_OPTION VALUES (101,142,1,0,22,-1);
INSERT INTO SCARAB_R_ISSUETYPE_OPTION VALUES (101,143,1,0,30,-1);
INSERT INTO SCARAB_R_ISSUETYPE_OPTION VALUES (101,144,1,0,31,-1);
INSERT INTO SCARAB_R_ISSUETYPE_OPTION VALUES (101,145,1,0,32,-1);
INSERT INTO SCARAB_R_ISSUETYPE_OPTION VALUES (101,146,1,0,33,-1);
INSERT INTO SCARAB_R_ISSUETYPE_OPTION VALUES (101,147,1,0,41,-1);
INSERT INTO SCARAB_R_ISSUETYPE_OPTION VALUES (101,148,1,0,38,-1);
INSERT INTO SCARAB_R_ISSUETYPE_OPTION VALUES (101,149,1,0,39,-1);
INSERT INTO SCARAB_R_ISSUETYPE_OPTION VALUES (101,150,1,0,34,-1);
INSERT INTO SCARAB_R_ISSUETYPE_OPTION VALUES (101,151,1,0,35,-1);
INSERT INTO SCARAB_R_ISSUETYPE_OPTION VALUES (101,152,1,0,36,-1);
INSERT INTO SCARAB_R_ISSUETYPE_OPTION VALUES (101,153,1,0,37,-1);
INSERT INTO SCARAB_R_ISSUETYPE_OPTION VALUES (101,154,1,0,1,-1);
INSERT INTO SCARAB_R_ISSUETYPE_OPTION VALUES (101,155,1,0,2,-1);
INSERT INTO SCARAB_R_ISSUETYPE_OPTION VALUES (101,156,1,0,3,-1);
INSERT INTO SCARAB_R_ISSUETYPE_OPTION VALUES (101,157,1,0,4,-1);
INSERT INTO SCARAB_R_ISSUETYPE_OPTION VALUES (101,158,1,0,1,-1);
INSERT INTO SCARAB_R_ISSUETYPE_OPTION VALUES (101,159,1,0,2,-1);
INSERT INTO SCARAB_R_ISSUETYPE_OPTION VALUES (101,160,1,0,3,-1);
INSERT INTO SCARAB_R_ISSUETYPE_OPTION VALUES (101,161,1,0,4,-1);
INSERT INTO SCARAB_R_ISSUETYPE_OPTION VALUES (101,162,1,0,1,-1);
INSERT INTO SCARAB_R_ISSUETYPE_OPTION VALUES (101,163,1,0,2,-1);
INSERT INTO SCARAB_R_ISSUETYPE_OPTION VALUES (101,164,1,0,3,-1);
INSERT INTO SCARAB_R_ISSUETYPE_OPTION VALUES (101,165,1,0,4,-1);
INSERT INTO SCARAB_R_ISSUETYPE_OPTION VALUES (101,166,1,0,5,-1);
INSERT INTO SCARAB_R_ISSUETYPE_OPTION VALUES (101,167,1,0,6,-1);
INSERT INTO SCARAB_R_ISSUETYPE_OPTION VALUES (101,168,1,0,7,-1);
INSERT INTO SCARAB_R_ISSUETYPE_OPTION VALUES (101,169,1,0,8,-1);
INSERT INTO SCARAB_R_ISSUETYPE_OPTION VALUES (101,170,1,0,9,-1);
INSERT INTO SCARAB_R_ISSUETYPE_OPTION VALUES (101,171,1,0,10,-1);
INSERT INTO SCARAB_R_ISSUETYPE_OPTION VALUES (101,175,1,0,2,-1);
INSERT INTO SCARAB_R_ISSUETYPE_OPTION VALUES (101,176,1,0,9,-1);
INSERT INTO SCARAB_R_ISSUETYPE_OPTION VALUES (101,177,1,0,17,-1);
INSERT INTO SCARAB_R_ISSUETYPE_OPTION VALUES (101,178,1,0,24,-1);
INSERT INTO SCARAB_R_ISSUETYPE_OPTION VALUES (101,179,1,0,25,-1);
INSERT INTO SCARAB_R_ISSUETYPE_OPTION VALUES (101,180,1,0,26,-1);
INSERT INTO SCARAB_R_ISSUETYPE_OPTION VALUES (101,181,1,0,27,-1);
INSERT INTO SCARAB_R_ISSUETYPE_OPTION VALUES (101,182,1,0,19,-1);
INSERT INTO SCARAB_R_ISSUETYPE_OPTION VALUES (101,183,1,0,28,-1);
INSERT INTO SCARAB_R_ISSUETYPE_OPTION VALUES (101,184,1,0,40,-1);
INSERT INTO SCARAB_R_ISSUETYPE_OPTION VALUES (101,185,1,0,42,-1);
INSERT INTO SCARAB_R_ISSUETYPE_OPTION VALUES (101,186,1,0,43,-1);
INSERT INTO SCARAB_R_ISSUETYPE_OPTION VALUES (101,187,1,0,18,-1);
INSERT INTO SCARAB_R_ISSUETYPE_OPTION VALUES (101,188,1,0,1,-1);
INSERT INTO SCARAB_R_ISSUETYPE_OPTION VALUES (101,189,1,0,2,-1);
INSERT INTO SCARAB_R_ISSUETYPE_OPTION VALUES (101,190,1,0,3,-1);

-- issue type options for patch
INSERT INTO SCARAB_R_ISSUETYPE_OPTION VALUES (103,101,1,0,1,-1);
INSERT INTO SCARAB_R_ISSUETYPE_OPTION VALUES (103,102,1,0,2,-1);
INSERT INTO SCARAB_R_ISSUETYPE_OPTION VALUES (103,103,1,0,3,-1);
INSERT INTO SCARAB_R_ISSUETYPE_OPTION VALUES (103,104,1,0,4,-1);
INSERT INTO SCARAB_R_ISSUETYPE_OPTION VALUES (103,105,1,0,5,-1);
INSERT INTO SCARAB_R_ISSUETYPE_OPTION VALUES (103,106,1,0,6,-1);
INSERT INTO SCARAB_R_ISSUETYPE_OPTION VALUES (103,107,1,0,7,-1);
INSERT INTO SCARAB_R_ISSUETYPE_OPTION VALUES (103,108,1,0,1,-1);
INSERT INTO SCARAB_R_ISSUETYPE_OPTION VALUES (103,109,1,0,2,-1);
INSERT INTO SCARAB_R_ISSUETYPE_OPTION VALUES (103,110,1,0,3,-1);
INSERT INTO SCARAB_R_ISSUETYPE_OPTION VALUES (103,111,1,0,4,-1);
INSERT INTO SCARAB_R_ISSUETYPE_OPTION VALUES (103,112,1,0,5,-1);
INSERT INTO SCARAB_R_ISSUETYPE_OPTION VALUES (103,113,1,0,6,-1);
INSERT INTO SCARAB_R_ISSUETYPE_OPTION VALUES (103,114,1,0,7,-1);
INSERT INTO SCARAB_R_ISSUETYPE_OPTION VALUES (103,115,1,0,8,-1);
INSERT INTO SCARAB_R_ISSUETYPE_OPTION VALUES (103,116,1,0,1,-1);
INSERT INTO SCARAB_R_ISSUETYPE_OPTION VALUES (103,117,1,0,2,-1);
INSERT INTO SCARAB_R_ISSUETYPE_OPTION VALUES (103,118,1,0,3,-1);
INSERT INTO SCARAB_R_ISSUETYPE_OPTION VALUES (103,119,1,0,4,-1);
INSERT INTO SCARAB_R_ISSUETYPE_OPTION VALUES (103,120,1,0,5,-1);
INSERT INTO SCARAB_R_ISSUETYPE_OPTION VALUES (103,121,1,0,6,-1);
INSERT INTO SCARAB_R_ISSUETYPE_OPTION VALUES (103,122,1,0,7,-1);
INSERT INTO SCARAB_R_ISSUETYPE_OPTION VALUES (103,123,1,0,8,-1);
INSERT INTO SCARAB_R_ISSUETYPE_OPTION VALUES (103,124,1,0,1,-1);
INSERT INTO SCARAB_R_ISSUETYPE_OPTION VALUES (103,125,1,0,3,-1);
INSERT INTO SCARAB_R_ISSUETYPE_OPTION VALUES (103,126,1,0,4,-1);
INSERT INTO SCARAB_R_ISSUETYPE_OPTION VALUES (103,127,1,0,5,-1);
INSERT INTO SCARAB_R_ISSUETYPE_OPTION VALUES (103,128,1,0,6,-1);
INSERT INTO SCARAB_R_ISSUETYPE_OPTION VALUES (103,129,1,0,7,-1);
INSERT INTO SCARAB_R_ISSUETYPE_OPTION VALUES (103,130,1,0,8,-1);
INSERT INTO SCARAB_R_ISSUETYPE_OPTION VALUES (103,131,1,0,10,-1);
INSERT INTO SCARAB_R_ISSUETYPE_OPTION VALUES (103,132,1,0,11,-1);
INSERT INTO SCARAB_R_ISSUETYPE_OPTION VALUES (103,133,1,0,12,-1);
INSERT INTO SCARAB_R_ISSUETYPE_OPTION VALUES (103,134,1,0,13,-1);
INSERT INTO SCARAB_R_ISSUETYPE_OPTION VALUES (103,135,1,0,14,-1);
INSERT INTO SCARAB_R_ISSUETYPE_OPTION VALUES (103,136,1,0,15,-1);
INSERT INTO SCARAB_R_ISSUETYPE_OPTION VALUES (103,137,1,0,16,-1);
INSERT INTO SCARAB_R_ISSUETYPE_OPTION VALUES (103,138,1,0,23,-1);
INSERT INTO SCARAB_R_ISSUETYPE_OPTION VALUES (103,139,1,0,29,-1);
INSERT INTO SCARAB_R_ISSUETYPE_OPTION VALUES (103,140,1,0,20,-1);
INSERT INTO SCARAB_R_ISSUETYPE_OPTION VALUES (103,141,1,0,21,-1);
INSERT INTO SCARAB_R_ISSUETYPE_OPTION VALUES (103,142,1,0,22,-1);
INSERT INTO SCARAB_R_ISSUETYPE_OPTION VALUES (103,143,1,0,30,-1);
INSERT INTO SCARAB_R_ISSUETYPE_OPTION VALUES (103,144,1,0,31,-1);
INSERT INTO SCARAB_R_ISSUETYPE_OPTION VALUES (103,145,1,0,32,-1);
INSERT INTO SCARAB_R_ISSUETYPE_OPTION VALUES (103,146,1,0,33,-1);
INSERT INTO SCARAB_R_ISSUETYPE_OPTION VALUES (103,147,1,0,41,-1);
INSERT INTO SCARAB_R_ISSUETYPE_OPTION VALUES (103,148,1,0,38,-1);
INSERT INTO SCARAB_R_ISSUETYPE_OPTION VALUES (103,149,1,0,39,-1);
INSERT INTO SCARAB_R_ISSUETYPE_OPTION VALUES (103,150,1,0,34,-1);
INSERT INTO SCARAB_R_ISSUETYPE_OPTION VALUES (103,151,1,0,35,-1);
INSERT INTO SCARAB_R_ISSUETYPE_OPTION VALUES (103,152,1,0,36,-1);
INSERT INTO SCARAB_R_ISSUETYPE_OPTION VALUES (103,153,1,0,37,-1);
INSERT INTO SCARAB_R_ISSUETYPE_OPTION VALUES (103,154,1,0,1,-1);
INSERT INTO SCARAB_R_ISSUETYPE_OPTION VALUES (103,155,1,0,2,-1);
INSERT INTO SCARAB_R_ISSUETYPE_OPTION VALUES (103,156,1,0,3,-1);
INSERT INTO SCARAB_R_ISSUETYPE_OPTION VALUES (103,157,1,0,4,-1);
INSERT INTO SCARAB_R_ISSUETYPE_OPTION VALUES (103,158,1,0,1,-1);
INSERT INTO SCARAB_R_ISSUETYPE_OPTION VALUES (103,159,1,0,2,-1);
INSERT INTO SCARAB_R_ISSUETYPE_OPTION VALUES (103,160,1,0,3,-1);
INSERT INTO SCARAB_R_ISSUETYPE_OPTION VALUES (103,161,1,0,4,-1);
INSERT INTO SCARAB_R_ISSUETYPE_OPTION VALUES (103,175,1,0,2,-1);
INSERT INTO SCARAB_R_ISSUETYPE_OPTION VALUES (103,176,1,0,9,-1);
INSERT INTO SCARAB_R_ISSUETYPE_OPTION VALUES (103,177,1,0,17,-1);
INSERT INTO SCARAB_R_ISSUETYPE_OPTION VALUES (103,178,1,0,24,-1);
INSERT INTO SCARAB_R_ISSUETYPE_OPTION VALUES (103,179,1,0,25,-1);
INSERT INTO SCARAB_R_ISSUETYPE_OPTION VALUES (103,180,1,0,26,-1);
INSERT INTO SCARAB_R_ISSUETYPE_OPTION VALUES (103,181,1,0,27,-1);
INSERT INTO SCARAB_R_ISSUETYPE_OPTION VALUES (103,182,1,0,19,-1);
INSERT INTO SCARAB_R_ISSUETYPE_OPTION VALUES (103,183,1,0,28,-1);
INSERT INTO SCARAB_R_ISSUETYPE_OPTION VALUES (103,184,1,0,40,-1);
INSERT INTO SCARAB_R_ISSUETYPE_OPTION VALUES (103,185,1,0,42,-1);
INSERT INTO SCARAB_R_ISSUETYPE_OPTION VALUES (103,186,1,0,43,-1);
INSERT INTO SCARAB_R_ISSUETYPE_OPTION VALUES (103,187,1,0,18,-1);
INSERT INTO SCARAB_R_ISSUETYPE_OPTION VALUES (103,188,1,0,1,-1);
INSERT INTO SCARAB_R_ISSUETYPE_OPTION VALUES (103,189,1,0,2,-1);
INSERT INTO SCARAB_R_ISSUETYPE_OPTION VALUES (103,190,1,0,3,-1);

-- issue type options for task
INSERT INTO SCARAB_R_ISSUETYPE_OPTION VALUES (105,101,1,0,1,-1);
INSERT INTO SCARAB_R_ISSUETYPE_OPTION VALUES (105,102,1,0,2,-1);
INSERT INTO SCARAB_R_ISSUETYPE_OPTION VALUES (105,103,1,0,3,-1);
INSERT INTO SCARAB_R_ISSUETYPE_OPTION VALUES (105,104,1,0,4,-1);
INSERT INTO SCARAB_R_ISSUETYPE_OPTION VALUES (105,105,1,0,5,-1);
INSERT INTO SCARAB_R_ISSUETYPE_OPTION VALUES (105,106,1,0,6,-1);
INSERT INTO SCARAB_R_ISSUETYPE_OPTION VALUES (105,107,1,0,7,-1);
INSERT INTO SCARAB_R_ISSUETYPE_OPTION VALUES (105,108,1,0,1,-1);
INSERT INTO SCARAB_R_ISSUETYPE_OPTION VALUES (105,109,1,0,2,-1);
INSERT INTO SCARAB_R_ISSUETYPE_OPTION VALUES (105,110,1,0,3,-1);
INSERT INTO SCARAB_R_ISSUETYPE_OPTION VALUES (105,111,1,0,4,-1);
INSERT INTO SCARAB_R_ISSUETYPE_OPTION VALUES (105,112,1,0,5,-1);
INSERT INTO SCARAB_R_ISSUETYPE_OPTION VALUES (105,113,1,0,6,-1);
INSERT INTO SCARAB_R_ISSUETYPE_OPTION VALUES (105,114,1,0,7,-1);
INSERT INTO SCARAB_R_ISSUETYPE_OPTION VALUES (105,115,1,0,8,-1);
INSERT INTO SCARAB_R_ISSUETYPE_OPTION VALUES (105,154,1,0,1,-1);
INSERT INTO SCARAB_R_ISSUETYPE_OPTION VALUES (105,155,1,0,2,-1);
INSERT INTO SCARAB_R_ISSUETYPE_OPTION VALUES (105,156,1,0,3,-1);
INSERT INTO SCARAB_R_ISSUETYPE_OPTION VALUES (105,157,1,0,4,-1);
INSERT INTO SCARAB_R_ISSUETYPE_OPTION VALUES (105,158,1,0,1,-1);
INSERT INTO SCARAB_R_ISSUETYPE_OPTION VALUES (105,159,1,0,2,-1);
INSERT INTO SCARAB_R_ISSUETYPE_OPTION VALUES (105,160,1,0,3,-1);
INSERT INTO SCARAB_R_ISSUETYPE_OPTION VALUES (105,161,1,0,4,-1);
INSERT INTO SCARAB_R_ISSUETYPE_OPTION VALUES (105,188,1,0,1,-1);
INSERT INTO SCARAB_R_ISSUETYPE_OPTION VALUES (105,189,1,0,2,-1);
INSERT INTO SCARAB_R_ISSUETYPE_OPTION VALUES (105,190,1,0,3,-1);

-- issue type options for feature
INSERT INTO SCARAB_R_ISSUETYPE_OPTION VALUES (107,101,1,0,1,-1);
INSERT INTO SCARAB_R_ISSUETYPE_OPTION VALUES (107,102,1,0,2,-1);
INSERT INTO SCARAB_R_ISSUETYPE_OPTION VALUES (107,103,1,0,3,-1);
INSERT INTO SCARAB_R_ISSUETYPE_OPTION VALUES (107,104,1,0,4,-1);
INSERT INTO SCARAB_R_ISSUETYPE_OPTION VALUES (107,105,1,0,5,-1);
INSERT INTO SCARAB_R_ISSUETYPE_OPTION VALUES (107,106,1,0,6,-1);
INSERT INTO SCARAB_R_ISSUETYPE_OPTION VALUES (107,107,1,0,7,-1);
INSERT INTO SCARAB_R_ISSUETYPE_OPTION VALUES (107,108,1,0,1,-1);
INSERT INTO SCARAB_R_ISSUETYPE_OPTION VALUES (107,109,1,0,2,-1);
INSERT INTO SCARAB_R_ISSUETYPE_OPTION VALUES (107,110,1,0,3,-1);
INSERT INTO SCARAB_R_ISSUETYPE_OPTION VALUES (107,111,1,0,4,-1);
INSERT INTO SCARAB_R_ISSUETYPE_OPTION VALUES (107,112,1,0,5,-1);
INSERT INTO SCARAB_R_ISSUETYPE_OPTION VALUES (107,113,1,0,6,-1);
INSERT INTO SCARAB_R_ISSUETYPE_OPTION VALUES (107,114,1,0,7,-1);
INSERT INTO SCARAB_R_ISSUETYPE_OPTION VALUES (107,115,1,0,8,-1);
INSERT INTO SCARAB_R_ISSUETYPE_OPTION VALUES (107,154,1,0,1,-1);
INSERT INTO SCARAB_R_ISSUETYPE_OPTION VALUES (107,155,1,0,2,-1);
INSERT INTO SCARAB_R_ISSUETYPE_OPTION VALUES (107,156,1,0,3,-1);
INSERT INTO SCARAB_R_ISSUETYPE_OPTION VALUES (107,157,1,0,4,-1);
INSERT INTO SCARAB_R_ISSUETYPE_OPTION VALUES (107,158,1,0,1,-1);
INSERT INTO SCARAB_R_ISSUETYPE_OPTION VALUES (107,159,1,0,2,-1);
INSERT INTO SCARAB_R_ISSUETYPE_OPTION VALUES (107,160,1,0,3,-1);
INSERT INTO SCARAB_R_ISSUETYPE_OPTION VALUES (107,161,1,0,4,-1);
INSERT INTO SCARAB_R_ISSUETYPE_OPTION VALUES (107,188,1,0,1,-1);
INSERT INTO SCARAB_R_ISSUETYPE_OPTION VALUES (107,189,1,0,2,-1);
INSERT INTO SCARAB_R_ISSUETYPE_OPTION VALUES (107,190,1,0,3,-1);

--issue type options for enhancement
INSERT INTO SCARAB_R_ISSUETYPE_OPTION VALUES (109,101,1,0,1,-1);
INSERT INTO SCARAB_R_ISSUETYPE_OPTION VALUES (109,102,1,0,2,-1);
INSERT INTO SCARAB_R_ISSUETYPE_OPTION VALUES (109,103,1,0,3,-1);
INSERT INTO SCARAB_R_ISSUETYPE_OPTION VALUES (109,104,1,0,4,-1);
INSERT INTO SCARAB_R_ISSUETYPE_OPTION VALUES (109,105,1,0,5,-1);
INSERT INTO SCARAB_R_ISSUETYPE_OPTION VALUES (109,106,1,0,6,-1);
INSERT INTO SCARAB_R_ISSUETYPE_OPTION VALUES (109,107,1,0,7,-1);
INSERT INTO SCARAB_R_ISSUETYPE_OPTION VALUES (109,108,1,0,1,-1);
INSERT INTO SCARAB_R_ISSUETYPE_OPTION VALUES (109,109,1,0,2,-1);
INSERT INTO SCARAB_R_ISSUETYPE_OPTION VALUES (109,110,1,0,3,-1);
INSERT INTO SCARAB_R_ISSUETYPE_OPTION VALUES (109,111,1,0,4,-1);
INSERT INTO SCARAB_R_ISSUETYPE_OPTION VALUES (109,112,1,0,5,-1);
INSERT INTO SCARAB_R_ISSUETYPE_OPTION VALUES (109,113,1,0,6,-1);
INSERT INTO SCARAB_R_ISSUETYPE_OPTION VALUES (109,114,1,0,7,-1);
INSERT INTO SCARAB_R_ISSUETYPE_OPTION VALUES (109,115,1,0,8,-1);
INSERT INTO SCARAB_R_ISSUETYPE_OPTION VALUES (109,154,1,0,1,-1);
INSERT INTO SCARAB_R_ISSUETYPE_OPTION VALUES (109,155,1,0,2,-1);
INSERT INTO SCARAB_R_ISSUETYPE_OPTION VALUES (109,156,1,0,3,-1);
INSERT INTO SCARAB_R_ISSUETYPE_OPTION VALUES (109,157,1,0,4,-1);
INSERT INTO SCARAB_R_ISSUETYPE_OPTION VALUES (109,158,1,0,1,-1);
INSERT INTO SCARAB_R_ISSUETYPE_OPTION VALUES (109,159,1,0,2,-1);
INSERT INTO SCARAB_R_ISSUETYPE_OPTION VALUES (109,160,1,0,3,-1);
INSERT INTO SCARAB_R_ISSUETYPE_OPTION VALUES (109,161,1,0,4,-1);
INSERT INTO SCARAB_R_ISSUETYPE_OPTION VALUES (109,188,1,0,1,-1);
INSERT INTO SCARAB_R_ISSUETYPE_OPTION VALUES (109,189,1,0,2,-1);
INSERT INTO SCARAB_R_ISSUETYPE_OPTION VALUES (109,190,1,0,3,-1);

-- user attributes for issue types
INSERT INTO SCARAB_R_ISSUETYPE_ATTRIBUTE VALUES (102,101,1,0,1,2,0,0,0);
INSERT INTO SCARAB_R_ISSUETYPE_ATTRIBUTE VALUES (113,101,1,0,1,1,0,0,0);
INSERT INTO SCARAB_R_ISSUETYPE_ATTRIBUTE VALUES (102,103,1,0,1,2,0,0,0);
INSERT INTO SCARAB_R_ISSUETYPE_ATTRIBUTE VALUES (113,103,1,0,1,1,0,0,0);
INSERT INTO SCARAB_R_ISSUETYPE_ATTRIBUTE VALUES (102,105,1,0,1,2,0,0,0);
INSERT INTO SCARAB_R_ISSUETYPE_ATTRIBUTE VALUES (113,105,1,0,1,1,0,0,0);
INSERT INTO SCARAB_R_ISSUETYPE_ATTRIBUTE VALUES (102,107,1,0,1,2,0,0,0);
INSERT INTO SCARAB_R_ISSUETYPE_ATTRIBUTE VALUES (113,107,1,0,1,1,0,0,0);
INSERT INTO SCARAB_R_ISSUETYPE_ATTRIBUTE VALUES (102,109,1,0,1,2,0,0,0);
INSERT INTO SCARAB_R_ISSUETYPE_ATTRIBUTE VALUES (113,109,1,0,1,1,0,0,0);

--issue type attributes for defect
INSERT INTO SCARAB_R_ISSUETYPE_ATTRIBUTE VALUES (101,101,1,0,1,2,0,0,0);
INSERT INTO SCARAB_R_ISSUETYPE_ATTRIBUTE VALUES (103,101,1,0,1,2,0,0,0);
INSERT INTO SCARAB_R_ISSUETYPE_ATTRIBUTE VALUES (104,101,1,0,1,2,0,0,0);
INSERT INTO SCARAB_R_ISSUETYPE_ATTRIBUTE VALUES (105,101,1,0,1,2,0,0,0);
INSERT INTO SCARAB_R_ISSUETYPE_ATTRIBUTE VALUES (106,101,1,0,1,2,0,0,0);
INSERT INTO SCARAB_R_ISSUETYPE_ATTRIBUTE VALUES (107,101,1,0,1,2,0,0,0);
INSERT INTO SCARAB_R_ISSUETYPE_ATTRIBUTE VALUES (108,101,1,0,1,2,0,0,0);
INSERT INTO SCARAB_R_ISSUETYPE_ATTRIBUTE VALUES (109,101,1,0,1,2,0,0,0);
INSERT INTO SCARAB_R_ISSUETYPE_ATTRIBUTE VALUES (111,101,1,0,1,2,0,0,0);
INSERT INTO SCARAB_R_ISSUETYPE_ATTRIBUTE VALUES (112,101,1,0,1,2,0,0,0);

--issue type attributes for patch
INSERT INTO SCARAB_R_ISSUETYPE_ATTRIBUTE VALUES (101,103,1,0,1,2,0,0,0);
INSERT INTO SCARAB_R_ISSUETYPE_ATTRIBUTE VALUES (103,103,1,0,1,2,0,0,0);
INSERT INTO SCARAB_R_ISSUETYPE_ATTRIBUTE VALUES (104,103,1,0,1,2,0,0,0);
INSERT INTO SCARAB_R_ISSUETYPE_ATTRIBUTE VALUES (105,103,1,0,1,2,0,0,0);
INSERT INTO SCARAB_R_ISSUETYPE_ATTRIBUTE VALUES (106,103,1,0,1,2,0,0,0);
INSERT INTO SCARAB_R_ISSUETYPE_ATTRIBUTE VALUES (107,103,1,0,1,2,0,0,0);
INSERT INTO SCARAB_R_ISSUETYPE_ATTRIBUTE VALUES (108,103,1,0,1,2,0,0,0);
INSERT INTO SCARAB_R_ISSUETYPE_ATTRIBUTE VALUES (111,103,1,0,1,2,0,0,0);
INSERT INTO SCARAB_R_ISSUETYPE_ATTRIBUTE VALUES (112,103,1,0,1,2,0,0,0);

--issue type attributes for task
INSERT INTO SCARAB_R_ISSUETYPE_ATTRIBUTE VALUES (101,105,1,0,1,2,0,0,0);
INSERT INTO SCARAB_R_ISSUETYPE_ATTRIBUTE VALUES (103,105,1,0,1,2,0,0,0);
INSERT INTO SCARAB_R_ISSUETYPE_ATTRIBUTE VALUES (104,105,1,0,1,2,0,0,0);
INSERT INTO SCARAB_R_ISSUETYPE_ATTRIBUTE VALUES (107,105,1,0,1,2,0,0,0);
INSERT INTO SCARAB_R_ISSUETYPE_ATTRIBUTE VALUES (108,105,1,0,1,2,0,0,0);
INSERT INTO SCARAB_R_ISSUETYPE_ATTRIBUTE VALUES (111,105,1,0,1,2,0,0,0);
INSERT INTO SCARAB_R_ISSUETYPE_ATTRIBUTE VALUES (112,105,1,0,1,2,0,0,0);

--issue type attributes for feature
INSERT INTO SCARAB_R_ISSUETYPE_ATTRIBUTE VALUES (101,107,1,0,1,2,0,0,0);
INSERT INTO SCARAB_R_ISSUETYPE_ATTRIBUTE VALUES (103,107,1,0,1,2,0,0,0);
INSERT INTO SCARAB_R_ISSUETYPE_ATTRIBUTE VALUES (104,107,1,0,1,2,0,0,0);
INSERT INTO SCARAB_R_ISSUETYPE_ATTRIBUTE VALUES (107,107,1,0,1,2,0,0,0);
INSERT INTO SCARAB_R_ISSUETYPE_ATTRIBUTE VALUES (108,107,1,0,1,2,0,0,0);
INSERT INTO SCARAB_R_ISSUETYPE_ATTRIBUTE VALUES (111,107,1,0,1,2,0,0,0);
INSERT INTO SCARAB_R_ISSUETYPE_ATTRIBUTE VALUES (112,107,1,0,1,2,0,0,0);

--issue type attributes for enhancement
INSERT INTO SCARAB_R_ISSUETYPE_ATTRIBUTE VALUES (101,109,1,0,1,2,0,0,0);
INSERT INTO SCARAB_R_ISSUETYPE_ATTRIBUTE VALUES (103,109,1,0,1,2,0,0,0);
INSERT INTO SCARAB_R_ISSUETYPE_ATTRIBUTE VALUES (104,109,1,0,1,2,0,0,0);
INSERT INTO SCARAB_R_ISSUETYPE_ATTRIBUTE VALUES (107,109,1,0,1,2,0,0,0);
INSERT INTO SCARAB_R_ISSUETYPE_ATTRIBUTE VALUES (108,109,1,0,1,2,0,0,0);
INSERT INTO SCARAB_R_ISSUETYPE_ATTRIBUTE VALUES (111,109,1,0,1,2,0,0,0);
INSERT INTO SCARAB_R_ISSUETYPE_ATTRIBUTE VALUES (112,109,1,0,1,2,0,0,0);
