<?xml version='1.0'?>
<!DOCTYPE article PUBLIC "-//OASIS//DTD DocBook XML V4.3//EN" "http://www.oasis-open.org/docbook/xml/4.3/docbookx.dtd">
<article>
  <articleinfo>
    <title>DocBook XSL Stylesheet Release Notes</title>
    <pubdate>01 December 2004</pubdate>
    <releaseinfo role="cvs">$Id: RELEASE-NOTES.xml,v 1.30 2004/12/02 08:37:14 xmldoc Exp $</releaseinfo> 
    <corpauthor>DocBook Open Repository Team</corpauthor> 
  </articleinfo> 
  <para>These are the release notes for the DocBook XSL Stylesheets.
  This file documents (mostly) changes to the public APIs. What,
  exactly, counts as a public API is still somewhat in question, but it
  includes at least the global parameters.</para> 
  <para>You may also be interested in the more detailed <ulink url="WhatsNew"/> file.
  </para>
  <section>
    <title>Release 1.67.2</title>
    <para>This release fixes a table bug introduced in the 1.67.1
    release.</para>
  </section>
  <section>
    <title>Release 1.67.1</title>
    <para>This release includes a number of bug fixes; for details,
    see the <ulink url="WhatsNew"/> file.</para>
      <para>The following lists provide details about API and feature changes.
      <itemizedlist id="V1671_FO">
        <title>FO</title>
        <listitem>
          <para>Tables: Inherited cell properties are now passed to the
          <literal>table.cell.properties</literal> template so they can
          be overridden by a customization.</para>
        </listitem>
        <listitem>
          <para>Tables: Added support for bgcolor PI on table row
          element.</para>
        </listitem>
        <listitem>
          <para>TOCs: Added new parameter
          <parameter>simplesect.in.toc</parameter>; default value of
          <literal>0</literal> causes simplesect to be omitted from TOCs; to
          cause <sgmltag>simplesect</sgmltag> to be included in TOCs, you
          must set the value of <parameter>simplesect.in.toc</parameter> to
          <literal>1</literal>.Comment from Norm:

            <blockquote>
              <para><emphasis>Simplesect elements aren't supposed to
              appear in the ToC at all... The use case for simplesect
              is when, for example, every chapter in a book ends with
              "Exercises" or "For More Information" sections and you
              don't want those to appear in the ToC.</emphasis></para>
            </blockquote>
            </para>
        </listitem>
        <listitem>
          <para>Sections: Reverted change that caused a variable reference
          to be used in a template match and rewrote code to preserve
          intended semantics.</para>
        </listitem>
        <listitem>
          <para>Lists: Added workaround to prevent "* 0.60 + 1em" garbage in
          list output from PassiveTeX</para>
        </listitem>
        <listitem>
          <para>Moved the literal attributes from
          <parameter>component.title</parameter> to the
          <parameter>component.title.properties</parameter> attribute-set so
          they can be customized.</para>
        </listitem>
        <listitem>
          <para>Lists: Added <sgmltag>glossdef</sgmltag>'s first
          <sgmltag>para</sgmltag> to special handling in
          <literal>fo:list-item-body</literal>.</para>
        </listitem>
      </itemizedlist>

      <itemizedlist id="V1671_HTML">
        <title>HTML</title>
        <listitem>
          <para>TOCs: Added new parameter
          <parameter>simplesect.in.toc</parameter>; for details, see
          the list of <xref linkend="V1671_FO"/> changes for this
          release.</para>
        </listitem>
        <listitem>
          <para>Indexing: Added new parameter
          <parameter>index.prefer.titleabbrev</parameter>; when set to
          <literal>1</literal>, index references will use
          <sgmltag>titleabbrev</sgmltag> instead of
          <sgmltag>title</sgmltag> when available.</para>
        </listitem>
      </itemizedlist>
      <itemizedlist>
        <title>HTML Help</title>
        <listitem>
          <para>Added support for generating windows-1252-encoded
          output using Saxon; for more details, see the list of <xref
          linkend="V1671_EXT"/> changes for this release.</para>
        </listitem>
      </itemizedlist>
      <itemizedlist id="V1671_MAN">
        <title>man pages</title>
        <listitem>
          <para>Replaced named/numeric character-entity references for
          non-breaking space with groff equivalent (backslash-tilde).</para>
        </listitem>
      </itemizedlist>
      <itemizedlist id="V1671_EXT">
        <title>XSL Java extensions</title>
        <listitem>
          <para>Saxon extensions: Added the
          <classname>Windows1252</classname> class.  It extends Saxon
          6.5.x with the windows-1252 character set, which is
          particularly useful when generating HTML Help for Western
          European Languages (code from
          <personname><firstname>Pontus</firstname>
          <surname>Haglund</surname></personname> and contributed to the
          DocBook community by Sectra AB, Sweden).</para>
          <para>To use:
          <orderedlist>
            <listitem>
              <para>Make sure that the Saxon 6.5.x jar file and the jar file for
              the DocBook XSL Java extensions are in your <envar>CLASSPATH</envar></para>
            </listitem>
            <listitem>
              <para>Create a DocBook XSL customization layer -- a file named
              <filename>mystylesheet.xsl</filename> or whatever -- that, at a
              minimum, contains the following:
              <screen format="linespecific">  &lt;xsl:stylesheet
    xmlns:xsl="http://www.w3.org/1999/XSL/Transform"
    version='1.0'>
    &lt;xsl:import href="http://docbook.sourceforge.net/release/xsl/current/htmlhelp/htmlhelp.xsl"/>
    &lt;xsl:output method="html" encoding="WINDOWS-1252" indent="no"/>
    &lt;xsl:param name="htmlhelp.encoding" select="WINDOWS-1252">&lt;/xsl:param>
    &lt;xsl:param name="chunker.output.encoding" select="WINDOWS-1252">&lt;/xsl:param>
    &lt;xsl:param name="saxon.character.representation" select="native">&lt;/xsl:param>
  &lt;/xsl:stylesheet></screen>
              </para>
              <para>Invoke Saxon with the
              <literal>encoding.windows-1252</literal> Java system property set
              to <literal>com.nwalsh.saxon.Windows1252</literal>; for example
              <screen format="linespecific">  java \
    -Dencoding.windows-1252=com.nwalsh.saxon.Windows1252 \
  com.icl.saxon.StyleSheet \
  mydoc.xml mystylesheet.xsl</screen>

              Or, for a more complete "real world" case showing other
              options you'll typically want to use:
              <screen format="linespecific">  java \
    -Dencoding.windows-1252=com.nwalsh.saxon.Windows1252 \
    -Djavax.xml.parsers.DocumentBuilderFactory=org.apache.xerces.jaxp.DocumentBuilderFactoryImpl \
    -Djavax.xml.parsers.SAXParserFactory=org.apache.xerces.jaxp.SAXParserFactoryImpl \
    -Djavax.xml.transform.TransformerFactory=com.icl.saxon.TransformerFactoryImpl \
  com.icl.saxon.StyleSheet \
    -x org.apache.xml.resolver.tools.ResolvingXMLReader \
    -y org.apache.xml.resolver.tools.ResolvingXMLReader \
    -r org.apache.xml.resolver.tools.CatalogResolver \
  mydoc.xml mystylesheet.xsl</screen>

              In both cases, the "mystylesheet.xsl" file should be a
              DocBook customization layer containing the parameters
              show in step 2.</para>
            </listitem>
          </orderedlist>
          </para>
        </listitem>
        <listitem>
          <para>Saxon extensions: Removed Saxon 8 extensions from release package</para>
        </listitem>
      </itemizedlist>
    </para>
  </section>
<section>
  <title>Release 1.67.0</title>
  <itemizedlist>
  <listitem>
    <para>A number of important bug fixes, documented in <ulink url="WhatsNew"/>.</para>
  </listitem>
  <listitem>
    <para>Added Saxon8 extensions</para>
  </listitem>
  <listitem>
    <para>Enabled <literal>dbfo table-width</literal> on
    <sgmltag>entrytbl</sgmltag> in FO output</para>
  </listitem>
  <listitem>
    <para>Added support for <literal>role=strong</literal> on
    <sgmltag>emphasis</sgmltag> in FO output</para>
  </listitem>
  <listitem>
    <para>Added new FO parameter
    <parameter>hyphenate.verbatim</parameter> that can be used to turn
    on "intelligent" wrapping of verbatim environments.</para>
  </listitem>
  <listitem>
    <para>Replaced all <literal>&lt;tt>&lt;/tt></literal> output with
    <literal>&lt;code>&lt;/code></literal></para>
  </listitem>
  <listitem>
    <para>Changed <literal>admon.graphic.width</literal> template to a
    mode so that different admonitions can have different graphical
    widths.</para>
  </listitem>
  <listitem>
    <para>Deprecated the HTML <parameter>shade.verbatim</parameter>
    parameter (use CSS instead)</para>
  </listitem>
  <listitem>
    <para>Wrapped ToC
    <sgmltag>refentrytitle</sgmltag>/<sgmltag>refname</sgmltag> and
    <sgmltag>refpurpose</sgmltag> in span with class values. This
    makes it possible to style them using a CSS stylesheet.</para>
  </listitem>
  <listitem>
    <para>Use <literal>strong/em</literal> instead of
    <literal>b/i</literal> in HTML output</para>
  </listitem>
  <listitem>
    <para>Added support for converting <sgmltag>Emphasis</sgmltag> to
    groff italic and <sgmltag>Emphasis role='bold'</sgmltag> to
    bold. Controlled by
    <parameter>emphasis.propagates.style</parameter> param, but not
    documented yet using litprog system. Will do that next (planning
    to add some other parameter-controllable options for hyphenation
    and handling of line spacing).</para>
  </listitem>
  <listitem>
    <para><parameter>callout.graphics.number.limit.xml</parameter>
    param: Changed the default from <literal>10</literal> to
    <literal>15</literal>.</para>
  </listitem>
  <listitem>
    <para><parameter>verbatim.properties</parameter>: Added
    <literal>hyphenate=false</literal></para>
  </listitem>
  <listitem>
    <para>Saxon and Xalan Text.java extensions: Added support for
    <methodname>URIResolver()</methodname> on insertfile href's</para>
  </listitem>
  <listitem>
    <para>Added generated <filename>RELEASE-NOTES.txt</filename>
    file.</para>
  </listitem>
  <listitem>
    <para>Added <filename>INSTALL</filename> file (executable file for
    generating catalog.xml)</para>
  </listitem>
  <listitem>
    <para>Removed obsolete <filename>tools</filename> directory from
    package</para>
  </listitem>
</itemizedlist>
</section>
<section>
<title>Release 1.66.1</title>
  <itemizedlist>
<listitem>
<para>A number of important bug fixes, documented in <ulink url="WhatsNew"/>.
</para>
</listitem>
<listitem>
<para>
Now <literal>xml:base</literal> attributes that are generated by an
XInclude processor are resolved for image files.
</para>
</listitem>
<listitem>
<para>
Rewrote olink templates to support several new features.
</para>
<itemizedlist>
<listitem>
<para>
Extended full olink support to FO output.
</para>
</listitem>
<listitem>
<para>
Add support for <literal>xrefstyle</literal> attribute in olinks.
</para>
</listitem>
<listitem>
<para>
New parameters to support new olink features:
<parameter>insert.olink.page.number</parameter>, <parameter>insert.olink.pdf.frag</parameter>,
<parameter>olink.debug</parameter>, <parameter>olink.lang.fallback.sequence</parameter>, <parameter>olink.properties</parameter>,
<parameter>prefer.internal.olink</parameter>.
See the reference page for each parameter for more
information.</para>
</listitem>
</itemizedlist>
</listitem> 
<listitem>
<para>
Added  <parameter>index.on.type</parameter> parameter for new <sgmltag
class="attribute">type</sgmltag>
attribute introduced in DocBook 4.3 for indexterms and index.
This allows you to create multiple indices containing
different categories of entries.
For users of 4.2 and earlier, you can use the new parameter <parameter>index.on.role</parameter>
instead.
</para>
</listitem>
<listitem>
<para>
Added new
<parameter>section.autolabel.max.depth</parameter> parameter to turn off section numbering
below a certain depth.
This permits you to number major section levels and leave minor
section levels unnumbered.</para>
</listitem> 
<listitem>
<para>
Added <parameter>footnote.sep.leader.properties</parameter> attribute set to format
the line separating footnotes in printed output.
</para>
</listitem>
<listitem>
<para>
Added parameter <parameter>img.src.path</parameter> as a prefix to HTML img src
attributes.
The prefix is added to whatever path is already generated by the
stylesheet for each image file.</para>
</listitem> 
<listitem>
<para>
Added new attribute-sets
<parameter>informalequation.properties</parameter>,
<parameter>informalexample.properties</parameter>,
<parameter>informalfigure.properties</parameter>, and <parameter>informaltable.properties</parameter>,
so each such element type can be formatted
individually if needed.
</para>
</listitem>
<listitem>
<para>
Add <parameter>component.label.includes.part.label</parameter>
parameter to add any  part number to chapter, appendix
and other component labels when
the <parameter>label.from.part</parameter> parameter  is nonzero.
This permits you to distinguish multiple chapters with the same
chapter number in cross references and the TOC.</para>
</listitem>
<listitem>
<para>
Added <parameter>chunk.separate.lots</parameter> parameter for HTML output.
This parameter lets you generate separate chunk files for each LOT
(list of tables, list of figures, etc.).</para>
</listitem>
<listitem>
<para>Added several table features:</para>
<itemizedlist>
<listitem>
<para>
Added <parameter>table.table.properties</parameter> attribute set to add
properties to the fo:table element.
</para>
</listitem>
<listitem>
<para>
Added placeholder templates named <literal>table.cell.properties</literal>
and <literal>table.cell.block.properties</literal> to enable adding properties
to any <sgmltag>fo:table-cell</sgmltag> or the cell's <sgmltag>fo:block</sgmltag>, respectively.
 These templates are a start for implementing table styles.</para>
</listitem>
</itemizedlist>
</listitem>
<listitem>
<para>
Added new attribute
set <parameter>component.title.properties</parameter> for easy modifications of
component's title formatting in FO output.
</para>
</listitem>
<listitem>
<para>
Added Saxon support for an <sgmltag class="attribute">encoding</sgmltag> attribute on the <sgmltag class="element">textdata</sgmltag> element. Added new parameter
<parameter>textdata.default.encoding</parameter> which specifies encoding when
<sgmltag class="attribute">encoding</sgmltag> attribute on
<sgmltag class="element">textdata</sgmltag> is missing.
</para>
</listitem>
<listitem>
<para>
Template <literal>label.this.section</literal> now controls whole
section label, not only sub-label which corresponds to
particular label. Former behaviour was IMHO bug as it was
not usable.
</para>
</listitem>
<listitem>
<para>
Formatting in titleabbrev for TOC and headers
is preserved when there are no hotlink elements in the title. Formerly the title showed only the text of the title, no font changes or other markup.
</para>
</listitem>
<listitem>
<para>
Added <literal>intial.page.number</literal> template to set the <literal>initial-page-number
property</literal> for page sequences in print output.
Customizing this template lets you change when page numbering restarts. This is similar to the <literal>format.page.number</literal> template that lets you change how the page number formatting changes in the output.
</para>
</listitem>
<listitem>
<para>
Added <literal>force.page.count</literal> template to set the force-page-count
property for page sequences in print output.
This is similar to the <literal>format.page.number</literal> template.
</para>
</listitem>
<listitem>
<para>
Sort language for localized index sorting in <filename>autoidx-ng.xsl</filename> is now taken from document 
lang, not from system environment.
</para>
</listitem>
<listitem>
<para>
Numbering and formatting of normal
and ulink footnotes (if turned on) has been unified.
Now ulink footnotes are mixed in with any other footnotes.</para>
</listitem> 
<listitem>
<para>
Added support for <sgmltag>renderas</sgmltag> attribute in section and
sect1 et al.
This permits you to render a given section title as if it were a different level.</para>
</listitem>
<listitem>
<para>
Added support for <sgmltag>label</sgmltag> attribute in footnote to manually
supply the footnote mark.
</para>
</listitem>
<listitem>
<para>
Added support for DocBook 4.3 <sgmltag>corpcredit</sgmltag> element.
</para>
</listitem>
<listitem>
<para>
Added support for a <literal>dbfo keep-together</literal> PI for
formal objects (table, figure, example, equation, programlisting).  That permits a formal object to be kept together if it is not already, or to be broken if it
is very long and the
default keep-together is not appropriate.
</para>
</listitem>
<listitem>
<para>
For graphics files, made file extension matching case
insensitive, and updated the list of graphics extensions.
</para>
</listitem>
<listitem>
<para>
Allow <sgmltag>calloutlist</sgmltag> to have block content before
the first callout
</para>
</listitem>
<listitem>
<para>
Added <literal>dbfo-need</literal> processing instruction to provide
soft page breaks.
</para>
</listitem> 
<listitem>
<para>
Added implementation of existing but unused
<parameter>default.image.width</parameter> parameter for graphics.
</para>
</listitem>
<listitem>
<para>
Support DocBook NG <sgmltag>tag</sgmltag> inline element.
</para>
</listitem> 
<listitem>
<para>
It appears that XEP now supports Unicode characters in
bookmarks. There is no further need to strip accents from
characters.
</para>
</listitem>
<listitem>
<para>
Make <sgmltag>segmentedlist</sgmltag> HTML markup
more semantic and available to CSS styles.
</para>
</listitem>
<listitem>
<para>
Added <literal>user.preroot</literal> placeholder template to
permit xsl-stylesheet and other PIs and comments to be
output before the HTML root element.
</para>
</listitem>
<listitem>
<para>
Non-chunked legalnotice now gets an &lt;a
name="id"&gt; element in HTML output
so it can be referenced with xref or link.
</para>
</listitem>
<listitem>
<para>
In chunked HTML output, changed <literal>link rel="home"</literal> to <literal>rel="start"</literal>,
and <literal>link rel="previous"</literal> to <literal>rel="prev"</literal>, per W3C HTML 4.01
spec.
</para>
</listitem>
<listitem>
<para>
Added several patches to htmlhelp from W. Borgert
</para>
</listitem> 
<listitem>
<para>
Added Bosnian locale file as common/bs.xml.
</para>
</listitem> 
</itemizedlist>
</section>
<section>
<title>Release 1.65.0</title> 
<itemizedlist>
<listitem>
<para>A number of important bug fixes, documented in <ulink url="WhatsNew"/>.
</para>
</listitem> 
<listitem>
<para>Added a workaround to allow these stylesheets to process DocBook NG
documents. (It’s a hack that pre-processes the document to strip off the
namespace and then uses <function>exsl:node-set</function> to process
the result.)
</para>
</listitem> 
<listitem>
<para>Added alternative indexing mechanism which has better
internationalization support. New indexing method allows grouping of
accented letters like e, é, ë into the same group under letter "e". It
can also treat special letters (e.g. "ch") as one character and place
them in the correct position (e.g. between "h" and "i" in Czech
language).</para> 
<para>In order to use this mechanism you must create customization
layer which imports some base stylesheet (like
<filename>fo/docbook.xsl</filename>,
<filename>html/chunk.xsl</filename>) and then includes appropriate
stylesheet with new indexing code
(<filename>fo/autoidx-ng.xsl</filename> or
<filename>html/autoidx-ng.xsl</filename>). For example:</para> 
<programlisting><![CDATA[<xsl:stylesheet xmlns:xsl="http://www.w3.org/1999/XSL/Transform"
                version="1.0">

<xsl:import href="http://docbook.sourceforge.net/release/xsl/current/fo/docbook.xsl"/>
<xsl:include href="http://docbook.sourceforge.net/release/xsl/current/fo/autoidx-ng.xsl"/>

</xsl:stylesheet>]]></programlisting>
<para>New method is known to work with Saxon and it should also work
with xsltproc 1.1.1 and later. Currently supported languages are
English, Czech, German, French, Spanish and Danish.</para> 
</listitem> 
</itemizedlist> 
</section>
<section>
<title>Release 1.64.1</title> 
<itemizedlist>
<para>General bug fixes and improvements. Sorry about the failure to produce
an updated release notes file for 1.62.0—1.63.2</para> 
<listitem>
<para>In the course of fixing bug #849787, wrapping Unicode callouts
with an appropriate font change in the Xalan extensions, I discovered
that the Xalan APIs have changed a bit. So <filename>xalan2.jar</filename>
will work with older Xalan 2 implementations, <filename>xalan25.jar</filename>
works with Xalan 2.5.</para>
</listitem>
</itemizedlist> 
</section>
<section>
<title>Release 1.61.0</title> 
<itemizedlist>
<para>Lots of bug fixes and improvements.</para> 
<listitem>
<para>Initial support for timestamp PI. From now you
  can use &lt;?dbtimestamp format="Y-m-d H:M:S"?&gt; to get current
  datetime in your document. Added localization support for datetime PI
</para>
</listitem> 
<listitem>
<para>Added level 6 to test for <sgmltag>section</sgmltag> depth in
section.level template so that
section.title.level6.properties will be used for sections
that are 6 deep or deeper. This should also cause a h6 to be
created in html output.
</para>
</listitem> 
<listitem>
<para>Don't use SVG graphics if <parameter>use.svg</parameter>=0
</para>
</listitem> 
<listitem>
<para>Now uses number-and-title-template for sections
  only if <parameter>section.autolabel</parameter> is not zero.
</para>
</listitem> 
<listitem>
<para>Added missing 'english-language-name' attribute to
the l10n element, and the missing 'style' attribute to the
template element so the current gentext documents will
validate.
</para>
</listitem> 
<listitem>
<para>Corrected several references to parameter
  <parameter>qanda.defaultlabel</parameter> that were missing the "$".
</para>
</listitem> 
<listitem>
<para>Now accepts <parameter>admon.textlabel</parameter> parameter to turn off
  Note, Warning, etc. label.
</para>
</listitem> 
<listitem>
<para>FeatReq #684561: support more XEP metadata
</para>
</listitem> 
<listitem>
<para>Added hyphenation support. Added support for <sgmltag>coref</sgmltag>.
Added <sgmltag>beginpage</sgmltag> support. (does nothing; see TDG).
</para>
</listitem> 
<listitem>
<para>Added support for
hyphenation-character, hyphenation-push-character-count, and
hyphenation-remain-character-count
</para>
</listitem> 
<listitem>
<para>Added <parameter>root.properties</parameter>,
<parameter>ebnf.assignment</parameter>,
and <parameter>ebnf.statement.terminator</parameter>
</para>
</listitem> 
<listitem>
<para>Support bgcolor PI in table cells; make sure
rowsep and colsep don't have any effect on the last row or
column
</para>
</listitem> 
<listitem>
<para>Handle <sgmltag>othercredit</sgmltag> on titlepage a little
better
</para>
</listitem> 
<listitem>
<para>Applied fix from Jeff Beal that fixed the bug
that put secondary page numbers on primary entries. Same
with tertiary page numbers on secondary entries.
</para>
</listitem> 
<listitem>
<para>Added definition of missing variable
<parameter>collection</parameter>.
</para>
</listitem> 
<listitem>
<para>Make <sgmltag>footnote</sgmltag> formatting 'normal' even when it
occurs in a context that has special formatting
</para>
</listitem> 
<listitem>
<para>Added warning when <parameter>glossary.collection</parameter> is not
blank, but it cannot open the specified file.
</para>
</listitem> 
<listitem>
<para>Pick up the frame attribute on <sgmltag>table</sgmltag> and
<sgmltag>informaltable</sgmltag>.
</para>
</listitem> 
<listitem>
<para><sgmltag>indexdiv</sgmltag>/<sgmltag>title</sgmltag>
in non-autogenerated indexes are
now picked up.
</para>
</listitem> 
<listitem>
<para>Removed (unused)
component.title.properties
</para>
</listitem> 
<listitem>
<para>Move IDs from
page-sequences down to titlepage blocks
</para>
</listitem> 
<listitem>
<para>Use
proportional-column-width(1) on more <sgmltag>table</sgmltag>s.
</para>
<para>Use proportional-column-width() for
header/footer tables; suppress relative-align when when
using FOP
</para>
</listitem> 
<listitem>
<para>Check for <parameter>glossterm.auto.link</parameter> when linking
firstterms; don't output gl. prefix on glossterm links
</para>
</listitem> 
<listitem>
<para>Generate Part ToCs
</para>
</listitem> 
<listitem>
<para>Support <sgmltag>glossary</sgmltag>, <sgmltag>bibliography</sgmltag>,
and <sgmltag>index</sgmltag> in component ToCs.
</para>
</listitem> 
<listitem>
<para>Refactored chunking code so that
customization of chunk algorithm and chunk elements is more
practical
</para>
</listitem> 
<listitem>
<para>Support <sgmltag>textobject</sgmltag>/<sgmltag>phrase</sgmltag>
on <sgmltag>inlinemediaobject</sgmltag>.
</para>
</listitem> 
<listitem>
<para>Support 'start' PI on ordered lists
</para>
</listitem> 
<listitem>
<para>Fixed test of $toc PI to turn on qandaset TOC.
</para>
</listitem> 
<listitem>
<para>Added process.chunk.footnotes to sect2 through
5 to fix bug of missing footnotes when chunk level greater
than 1.
</para>
</listitem> 
<listitem>
<para>Added
paramater <parameter>toc.max.depth</parameter> which controls maximal depth of ToC
as requested by PHP-DOC group.
</para>
</listitem> 
<listitem>
<para>Exempted <sgmltag>titleabbrev</sgmltag> from preamble processing in
lists, and fixed variablelist preamble code to use the same
syntax as the other lists.
</para>
</listitem> 
<listitem>
<para>Added support for elements between variablelist
and first varlistentry since DocBook 4.2 supports that now.
</para>
</listitem>
</itemizedlist> 
</section>
<section>
<title>Release 1.60.1</title> 
<itemizedlist>
<para>Lots of bug fixes.</para> 
<listitem>
<para>The format of the <filename>titlepage.templates.xml</filename> files and
the stylesheet that transforms them have been significantly changed. All of the
attributes used to control the templates are now namespace qualified. So what
used to be:</para> 
<programlisting><![CDATA[<t:titlepage element="article" wrapper="fo:block">]]></programlisting>
<para>is now:</para> 
<programlisting><![CDATA[<t:titlepage t:element="article" t:wrapper="fo:block">]]></programlisting>
<para>Attributes from other namespaces (including those that are unqualified) are
now copied directly through. In practice, this means that the names that used
to be <quote>fo:</quote> qualified:</para> 
<programlisting><![CDATA[<title named-template="component.title"
       param:node="ancestor-or-self::article[1]"
       fo:text-align="center"
       fo:keep-with-next="always"
       fo:font-size="&hsize5;"
       fo:font-weight="bold"
       fo:font-family="{$title.font.family}"/>]]></programlisting>
<para>are now unqualified:</para> 
<programlisting><![CDATA[<title t:named-template="component.title"
       param:node="ancestor-or-self::article[1]"
       text-align="center"
       keep-with-next="always"
       font-size="&hsize5;"
       font-weight="bold"
       font-family="{$title.font.family}"/>]]></programlisting>
<para>The <sgmltag>t:titlepage</sgmltag> and <sgmltag>t:titlepage-content</sgmltag>
elements both generate wrappers now. And unqualified attributes on those elements
are passed through. This means that you can now make the title font apply to
ane entire titlepage and make the entire <quote>recto</quote>
titlepage centered by specifying the font and alignment on the those elements:</para> 
<programlisting>&lt;t:titlepage t:element="article" t:wrapper="fo:block"
             font-family="{$title.font.family}"&gt;

  &lt;t:titlepage-content t:side="recto"
             text-align="center"&gt;</programlisting>





</listitem> 
<listitem>
<para>Support use of <sgmltag>titleabbrev</sgmltag> in running
headers and footers.
</para>
</listitem> 
<listitem>
<para>Added (experimental) <parameter>xref.with.number.and.title</parameter>
parameter to enable number/title cross references even when the
default would
be just the number.
</para>
</listitem> 
<listitem>
<para>Generate <sgmltag>part</sgmltag> ToCs if they're requested.
</para>
</listitem> 
<listitem>
<para>Use proportional-column-width() in header/footer tables.
</para>
</listitem> 
<listitem>
<para>Handle alignment correctly when <sgmltag>screenshot</sgmltag>
wraps a graphic in a <sgmltag>figure</sgmltag>.
</para>
</listitem> 
<listitem>
<para>Format <sgmltag>chapter</sgmltag> and <sgmltag>appendix</sgmltag>
cross references consistently.
</para>
</listitem> 
<listitem>
<para>Attempt to support tables with multiple <sgmltag>tgroup</sgmltag>s
in FO.
</para>
</listitem> 
<listitem>
<para>Output <sgmltag>fo:table-columns</sgmltag> in
<sgmltag>simplelist</sgmltag> tables.
</para>
</listitem> 
<listitem>
<para>Use <filename>titlepage.templates.xml</filename> for
<sgmltag>indexdiv</sgmltag> and <sgmltag>glossdiv</sgmltag> formatting.
</para>
</listitem> 
<listitem>
<para>Improve support for new bibliography elements.
</para>
</listitem> 
<listitem>
<para>Added
<parameter>footnote.number.format</parameter>,
<parameter>table.footnote.number.format</parameter>,
<parameter>footnote.number.symbols</parameter>, and
<parameter>table.footnote.number.symbols</parameter> for better control of
footnote markers.
</para>
</listitem> 
<listitem>
<para>Added <sgmltag>glossentry.show.acronyms</sgmltag>.
</para>
</listitem> 
<listitem>
<para>Suppress the draft-mode page masters when
<parameter>draft-mode</parameter> is <quote>no</quote>.
</para>
</listitem> 
<listitem>
<para>Make blank pages verso not recto. D'Oh!
</para>
</listitem> 
<listitem>
<para>Improved formatting of <sgmltag>ulink</sgmltag> footnotes.
</para>
</listitem> 
<listitem>
<para>Fixed bugs in graphic width/height calculations.
</para>
</listitem> 
<listitem>
<para>Added class attributes to inline elements.
</para>
</listitem> 
<listitem>
<para>Don't add <quote>.html</quote> to the filenames identified
with the <quote>dbhtml</quote> PI.
</para>
</listitem> 
<listitem>
<para>Don't force a ToC when sections contain <sgmltag>refentry</sgmltag>s.
</para>
</listitem> 
<listitem>
<para>Make section title sizes a function of the
<parameter>body.master.size</parameter>.
</para>
</listitem> 
</itemizedlist> 
</section>
<section>
<title>Release 1.59.2</title> 
<itemizedlist>
<para>The 1.59.2 fixes an FO bug in the page masters that causes FOP to fail.
</para> 
<listitem>
<para>Removed the region-name from the region-body of blank pages. There's
no reason to give the body of blank pages a unique name and doing so causes
a mismatch that FOP detects.
</para>
</listitem> 
<listitem>
<para>Output IDs for the first paragraphs in listitems.
</para>
</listitem> 
<listitem>
<para>Fixed some small bugs in the handling of page numbers in double-sided mode.
</para>
</listitem> 
<listitem>
<para>Attempt to prevent duplicated IDs from being produced when
<sgmltag class="attribute">endterm</sgmltag> on <sgmltag>xref</sgmltag> points
to something with nested structure.
</para>
</listitem> 
<listitem>
<para>Fix aligment problems in <sgmltag>equation</sgmltag>s.
</para>
</listitem> 
<listitem>
<para>Output the type attribute on unordered lists (UL) in HTML only if
the css.decoration parameter is true.
</para>
</listitem> 
<listitem>
<para>Calculate the font size in formal.title.properties so that it's 1.2 times
the base font size, not a fixed "12pt".
</para>
</listitem>
</itemizedlist> 
</section>
<section>
<title>Release 1.59.1</title> 
<itemizedlist>
<para>The 1.59.1 fixes a few bugs.
</para> 
<listitem>
<para>Added Bulgarian localization.
</para>
</listitem> 
<listitem>
<para>Indexing improvements; localize book indexes to books but allow setindex
to index an entire set.
</para>
</listitem> 
<listitem>
<para>The default value for rowsep and colsep is now "1" as per CALS.
</para>
</listitem> 
<listitem>
<para>Added support for <sgmltag>titleabbrev</sgmltag> (use them for cross
references).
</para>
</listitem> 
<listitem>
<para>Improvements to <sgmltag>mediaobject</sgmltag> for selecting print vs. online
images.
</para>
</listitem> 
<listitem>
<para>Added seperate property sets for <sgmltag>figure</sgmltag>s,
<sgmltag>example</sgmltag>s, <sgmltag>equation</sgmltag>s, <sgmltag>tables</sgmltag>s,
and <sgmltag>procedure</sgmltag>s.
</para>
</listitem> 
<listitem>
<para>Make <sgmltag>lineannotation</sgmltag>s italic.
</para>
</listitem> 
<listitem>
<para>Support <sgmltag class="attribute">xrefstyle</sgmltag> attribute.
</para>
</listitem> 
<listitem>
<para>Make <sgmltag class="attribute">endterm</sgmltag> on
<sgmltag>xref</sgmltag> higher priority than
<sgmltag class="attribute">xreflabel</sgmltag> target.
</para>
</listitem> 
<listitem>
<para>Glossary formatting improvements.
</para>
</listitem>
</itemizedlist> 
</section>
<section>
<title>Release 1.58.0</title> 
<itemizedlist>
<para>The 1.58.0 adds some initial support for extensions in xsltproc, adds
a few features, and fixes bugs.
</para> 
<listitem>
<para>This release contains the first attempt at extension support for xsltproc.
The only extension available to date is the one that adjusts table column widths.
Run <filename>extensions/xsltproc/python/xslt.py</filename>.
</para>
</listitem> 
<listitem>
<para>Fixed bugs in calculation of adjusted column widths to correct for rounding
errors.
</para>
</listitem> 
<listitem>
<para>Support nested <sgmltag>refsection</sgmltag> elements correctly.
</para>
</listitem> 
<listitem>
<para>Reworked <literal>gentext.template</literal> to take context into consideration.
The name of elements in localization files is now an xpath-like context list, not
just a simple name.
</para>
</listitem> 
<listitem>
<para>Made some improvements to bibliography formatting.
</para>
</listitem> 
<listitem>
<para>Improved graphical formatting of admonitions.
</para>
</listitem> 
<listitem>
<para>Added support for <sgmltag>entrytbl</sgmltag>.
</para>
</listitem> 
<listitem>
<para>Support spanning index terms.
</para>
</listitem> 
<listitem>
<para>Support <sgmltag>bibliosource</sgmltag>.
</para>
</listitem>
</itemizedlist> 
</section>
<section>
<title>Release 1.57.0</title>
<itemizedlist>
<listitem>
<para>The 1.57.0 release wasn't documented here. Oops.
</para>
</listitem>
</itemizedlist> 
</section>
<section>
<title>Release 1.56.0</title> 
<itemizedlist>
<para>The 1.56.0 release fixes bugs.
</para> 
<listitem>
<para>Reworked chunking. <emphasis>This will break all existing customizations
layers that change the chunking algorithm.</emphasis> If you're customizing chunking,
look at the new <quote>content</quote> parameter that's passed to
<literal>process-chunk-element</literal> and friends.
</para>
</listitem> 
<listitem>
<para>Support continued and inherited numeration in <sgmltag>orderedlist</sgmltag>
formatting for FOs.
</para>
</listitem> 
<listitem>
<para>Added Thai localization.
</para>
</listitem> 
<listitem>
<para>Tweaked stylesheet documentation stylesheets to link to TDG and
the parameter references.
</para>
</listitem> 
<listitem>
<para>Allow title on tables of contents ("Table of Contents") to be optional.
Added new keyword to <parameter>generate.toc</parameter>.
Support tables of contents on sections.
</para>
</listitem> 
<listitem>
<para>Made separate parameters for table borders and table cell borders:
<parameter>table.frame.border.color</parameter>,
<parameter>table.frame.border.style</parameter>,
<parameter>table.frame.border.thickness</parameter>,
<parameter>table.cell.border.color</parameter>,
<parameter>table.cell.border.style</parameter>, and
<parameter>table.cell.border.thickness</parameter>.
</para>
</listitem> 
<listitem>
<para>Suppress formatting of <quote>endofrange</quote> <sgmltag>indexterm</sgmltag>s.
This is only half-right. They should generate a range, but I haven't figured out how
to do that yet.
</para>
</listitem> 
<listitem>
<para>Support <sgmltag>revdescription</sgmltag>. (Bug #582192)
</para>
</listitem> 
<listitem>
<para>Added <parameter>default.float.class</parameter> and fixed figure
floats. (Bug #497603)
</para>
</listitem> 
<listitem>
<para>Fixed formatting of <sgmltag>sbr</sgmltag> in FOs.
</para>
</listitem> 
<listitem>
<para>Added context to the <quote>missing template</quote> error message.
</para>
</listitem> 
<listitem>
<para>Process <sgmltag>arg</sgmltag> correctly in a <sgmltag>group</sgmltag>.
(Bug #605150)
</para>
</listitem> 
<listitem>
<para>Removed 'keep-with-next' from <parameter>formal.title.properties</parameter>
attribute set now that the stylesheets support the option of putting
such titles below the object. Now the $placement value determines if
'keep-with-next' or 'keep-with-previous' is used in the title block.
</para>
</listitem> 
<listitem>
<para>Wrap <quote>url()</quote> around external-destinations when appropriate.
</para>
</listitem> 
<listitem>
<para>Fixed typo in compact list spacing. (Bug #615464)
</para>
</listitem> 
<listitem>
<para>Removed spurious hash in anchor name. (Bug #617717)
</para>
</listitem> 
<listitem>
<para>Address is now displayed verbatim on title pages. (Bug #618600)
</para>
</listitem> 
<listitem>
<para>The <parameter>bridgehead.in.toc</parameter> parameter is now properly
supported.
</para>
</listitem> 
<listitem>
<para>Improved effectiveness of HTML cleanup by increasing the number
of places where it is used. Improve use of HTML cleanup in XHTML stylesheets.
</para>
</listitem> 
<listitem>
<para>Support table of contents for <sgmltag>appendix</sgmltag> in
<sgmltag>article</sgmltag>. (Bug #596599)
</para>
</listitem> 
<listitem>
<para>Don't duplicate footnotes in <sgmltag>bibliography</sgmltag>s and
<sgmltag>glossary</sgmltag>s. (Bug #583282)
</para>
</listitem> 
<listitem>
<para>Added <parameter>default.image.width</parameter>. (Bug #516859)
</para>
</listitem> 
<listitem>
<para>Totally reworked <sgmltag>funcsynopsis</sgmltag> code; it now
supports a 'tabular' presentation style for 'wide' prototypes; see
<parameter>funcsynopsis.tabular.threshold</parameter>. (HTML only
right now, I think, FO support, uh, real soon now.)
</para>
</listitem> 
<listitem>
<para>Reworked support for difference marking; toned down the colors a bit
and added a <quote>system.head.content</quote> template so that the diff CSS
wasn't overriding <quote>user.head.content</quote>. (Bug #610660)
</para>
</listitem> 
<listitem>
<para>Added call to the <quote>*.head.content</quote> elements when writing
out long description chunks.
</para>
</listitem> 
<listitem>
<para>Make sure <sgmltag>legalnotice</sgmltag> link is correct even when
chunking to a different <parameter>base.dir</parameter>.
</para>
</listitem> 
<listitem>
<para>Use CSS to set viewport characteristics if
<parameter>css.decoration</parameter> is non-zero, use div instead of p for making
graphic a block element; make figure <sgmltag>title</sgmltag>s the
default alt
text for images in a <sgmltag>figure</sgmltag>.</para>
</listitem> 
<listitem>
<para>Added space-after to <parameter>list.block.spacing</parameter>.
</para>
</listitem> 
<listitem>
<para>Reworked section.level template to give <quote>correct</quote> answer
instead of being off by one.
</para>
</listitem> 
<listitem>
<para>When processing tables, use the <sgmltag class="attribute">tabstyle</sgmltag>
attribute as the division class.
</para>
</listitem> 
<listitem>
<para>Fixed bug in <filename>html2xhtml.xsl</filename> that was causing the
XHTML chunker to output HTML instead of XHTML.
</para>
</listitem>
</itemizedlist> 
</section>
<section>
  <title>Older releases</title>
  <para>To view the release notes for older releases, see <ulink
  url="http://cvs.sourceforge.net/viewcvs.py/docbook/xsl/RELEASE-NOTES.xml"/>. Be
  aware that there were no release notes for releases prior to the
  1.50.0 release.</para>
</section>
</article>
